City_ID,City,Country,Date,Lat,Lng,Max Temp,Humidity,Cloudiness,Wind Speed
0,Qaanaaq,GL,2022-07-29 22:24:06,77.484,-69.3632,41.99,57,1,0.4
1,Nikolskoye,RU,2022-07-29 22:24:07,59.7035,30.7861,60.8,91,99,8.41
2,Neuquen,AR,2022-07-29 22:24:08,-38.9516,-68.0591,57.09,38,0,6.91
3,Abu Kamal,SY,2022-07-29 22:24:08,34.4506,40.9171,92.64,12,0,3.42
4,Manta,EC,2022-07-29 22:24:09,-0.95,-80.7333,73.18,83,100,11.5
5,Kahului,US,2022-07-29 22:23:47,20.8947,-156.47,89.62,48,20,16.11
6,Bluff,NZ,2022-07-29 22:24:09,-46.6,168.3333,39.79,82,95,6.02
7,Busselton,AU,2022-07-29 22:24:10,-33.65,115.3333,51.24,65,98,22.64
8,Tuktoyaktuk,CA,2022-07-29 22:24:12,69.4541,-133.0374,39.2,87,100,12.66
9,Port Alfred,ZA,2022-07-29 22:24:13,-33.5906,26.891,59.14,79,15,12.41
10,Lebu,CL,2022-07-29 22:24:14,-37.6167,-73.65,48.6,83,16,19.91
11,Lingao,CN,2022-07-29 22:24:15,19.9103,109.6859,80.49,82,100,2.39
12,Grindavik,IS,2022-07-29 22:24:17,63.8424,-22.4338,49.95,76,75,16.11
13,Colares,PT,2022-07-29 22:24:18,38.7992,-9.4469,70.75,76,27,30.0
14,Castro,BR,2022-07-29 22:24:19,-24.7911,-50.0119,48.7,57,0,4.41
15,Rikitea,PF,2022-07-29 22:24:20,-23.1203,-134.9692,73.22,72,9,18.7
16,Punta Arenas,CL,2022-07-29 22:24:20,-53.15,-70.9167,39.31,81,40,35.68
17,Barrow,US,2022-07-29 22:22:01,71.2906,-156.7887,37.42,87,100,5.75
18,Porgera,PG,2022-07-29 22:24:21,-5.4667,143.2,45.03,96,99,1.01
19,Sakakah,SA,2022-07-29 22:24:21,29.9697,40.2064,94.57,12,20,6.64
20,Jamestown,US,2022-07-29 22:21:59,42.097,-79.2353,76.05,38,0,10.36
21,Dillon,US,2022-07-29 22:24:22,34.4166,-79.3712,96.78,42,73,15.5
22,Victoria,HK,2022-07-29 22:19:45,22.2855,114.1577,88.32,86,88,3.0
23,Shaowu,CN,2022-07-29 22:24:24,27.3409,117.4831,74.03,93,5,0.83
24,Tuatapere,NZ,2022-07-29 22:24:25,-46.1333,167.6833,38.23,96,93,5.06
25,Arraial Do Cabo,BR,2022-07-29 22:19:37,-22.9661,-42.0278,66.06,88,100,13.8
26,Tiksi,RU,2022-07-29 22:24:25,71.6872,128.8694,45.64,87,100,5.77
27,Katsuura,JP,2022-07-29 22:24:26,35.1333,140.3,81.46,85,4,12.03
28,Port Elizabeth,ZA,2022-07-29 22:24:04,-33.918,25.5701,55.69,90,20,19.57
29,Wuwei,CN,2022-07-29 22:24:27,37.9281,102.6414,72.73,37,21,4.65
30,Jorhat,IN,2022-07-29 22:24:28,26.75,94.2167,76.42,95,97,4.79
31,Ushuaia,AR,2022-07-29 22:22:08,-54.8,-68.3,38.86,56,100,23.02
32,Khatanga,RU,2022-07-29 22:24:30,71.9667,102.5,63.12,63,47,11.18
33,Atuona,PF,2022-07-29 22:24:30,-9.8,-139.0333,76.89,73,17,21.63
34,Pacifica,US,2022-07-29 22:21:50,37.6138,-122.4869,82.44,88,40,18.41
35,Samarai,PG,2022-07-29 22:24:32,-10.6167,150.6667,79.16,82,98,6.44
36,Hasaki,JP,2022-07-29 22:24:33,35.7333,140.8333,82.8,86,2,5.66
37,Choya,RU,2022-07-29 22:24:33,52.0108,86.5467,57.49,91,97,3.53
38,Umba,RU,2022-07-29 22:24:34,66.6871,34.3429,49.08,84,100,18.01
39,Rodez,FR,2022-07-29 22:24:34,44.5,2.5833,67.68,72,40,8.05
40,Antequera,ES,2022-07-29 22:24:35,37.0194,-4.5612,76.44,43,1,4.74
41,Itarema,BR,2022-07-29 22:24:36,-2.9248,-39.9167,79.2,77,19,15.86
42,Fort-Shevchenko,KZ,2022-07-29 22:24:37,44.5086,50.263,77.7,74,0,7.07
43,East London,ZA,2022-07-29 22:24:04,-33.0153,27.9116,62.2,63,3,6.53
44,Ballina,AU,2022-07-29 22:24:38,-28.8667,153.5667,50.77,76,33,11.59
45,Sovetskiy,RU,2022-07-29 22:24:39,61.3614,63.5842,61.29,62,94,1.07
46,Pemangkat,ID,2022-07-29 22:24:41,1.1667,108.9667,79.47,84,100,4.38
47,Bredasdorp,ZA,2022-07-29 22:24:41,-34.5322,20.0403,51.4,67,96,6.29
48,Albany,US,2022-07-29 22:24:36,42.6001,-73.9662,85.59,48,0,8.3
49,Hambantota,LK,2022-07-29 22:25:42,6.1241,81.1185,78.89,85,100,10.42
50,Inuvik,CA,2022-07-29 22:25:43,68.3499,-133.7218,45.46,93,100,8.05
51,Srandakan,ID,2022-07-29 22:25:43,-7.9386,110.2506,74.19,91,85,6.71
52,Mataura,NZ,2022-07-29 22:25:44,-46.1927,168.8643,39.47,93,84,0.87
53,Megion,RU,2022-07-29 22:25:44,61.0296,76.1136,60.82,77,91,7.67
54,Yumen,CN,2022-07-29 22:25:46,40.2833,97.2,76.24,25,100,6.22
55,Hilo,US,2022-07-29 22:25:11,19.7297,-155.09,88.29,82,100,11.5
56,Quang Ngai,VN,2022-07-29 22:25:46,15.1167,108.8,77.18,87,98,3.8
57,Castelldefels,ES,2022-07-29 22:25:47,41.2779,1.9703,79.12,85,20,4.61
58,Kapaa,US,2022-07-29 22:25:47,22.0752,-159.319,83.48,64,20,11.5
59,Hermanus,ZA,2022-07-29 22:25:47,-34.4187,19.2345,48.79,68,100,11.68
60,Saskylakh,RU,2022-07-29 22:25:48,71.9167,114.0833,63.61,67,75,3.31
61,Udachnyy,RU,2022-07-29 22:25:48,66.4167,112.4,76.5,49,70,3.15
62,Bambous Virieux,MU,2022-07-29 22:25:49,-20.3428,57.7575,68.25,88,40,17.27
63,Kasangulu,CD,2022-07-29 22:25:49,-4.5911,15.1708,73.89,55,2,4.21
64,Asau,RO,2022-07-29 22:23:51,46.4333,26.4,65.32,90,95,3.24
65,Ishigaki,JP,2022-07-29 22:25:50,24.3448,124.1572,82.53,94,40,4.61
66,Idah,NG,2022-07-29 22:25:50,7.1065,6.7342,72.75,95,81,3.31
67,Karasjok,NO,2022-07-29 22:25:51,69.4719,25.5112,46.4,81,29,4.0
68,Dunedin,NZ,2022-07-29 22:25:52,-45.8742,170.5036,42.8,74,89,3.67
69,Latehar,IN,2022-07-29 22:25:52,23.75,84.5,78.28,80,95,2.44
70,Provideniya,RU,2022-07-29 22:25:53,64.3833,-173.3,52.92,62,100,3.62
71,Sao Filipe,CV,2022-07-29 22:25:18,14.8961,-24.4956,77.34,79,80,9.62
72,Sharlyk,RU,2022-07-29 22:25:53,52.9167,54.75,60.58,83,63,3.44
73,Ketchikan,US,2022-07-29 22:25:01,55.3422,-131.6461,68.47,77,75,4.61
74,Sri Aman,MY,2022-07-29 22:25:54,1.2376,111.4621,75.25,100,99,2.3
75,Cape Town,ZA,2022-07-29 22:25:55,-33.9258,18.4232,52.12,88,20,4.61
76,Khandyga,RU,2022-07-29 22:25:56,62.6667,135.6,74.32,61,23,3.11
77,Bollnas,SE,2022-07-29 22:25:57,61.3482,16.3946,56.53,60,100,3.24
78,Cascavel,BR,2022-07-29 22:25:03,-24.9558,-53.4553,49.6,71,0,4.61
79,Georgetown,MY,2022-07-29 22:23:56,5.4112,100.3354,82.33,93,20,3.44
80,Luderitz,NA,2022-07-29 22:25:58,-26.6481,15.1594,54.75,76,0,7.47
81,Kavieng,PG,2022-07-29 22:25:58,-2.5744,150.7967,82.51,68,50,12.12
82,Geraldton,AU,2022-07-29 22:25:59,-28.7667,114.6,54.01,71,40,8.05
83,Marawi,PH,2022-07-29 22:25:59,7.9986,124.2928,69.46,92,100,4.79
84,Kurduvadi,IN,2022-07-29 22:26:00,18.0833,75.4333,79.5,77,99,3.22
85,Virginia Beach,US,2022-07-29 22:22:49,36.8529,-75.978,86.02,79,75,10.36
86,New Norfolk,AU,2022-07-29 22:26:00,-42.7826,147.0587,40.71,84,59,1.01
87,Tizapan El Alto,MX,2022-07-29 22:26:01,20.1667,-103.0667,77.05,66,58,3.27
88,Gariaband,IN,2022-07-29 22:26:02,20.635,82.0614,75.6,92,59,3.6
89,Vaini,TO,2022-07-29 22:26:02,-21.2,-175.2,78.96,89,40,13.8
90,Honningsvag,NO,2022-07-29 22:26:04,70.9821,25.9704,51.55,76,43,0.0
91,Butaritari,KI,2022-07-29 22:26:04,3.0707,172.7902,82.11,74,3,14.32
92,Chokurdakh,RU,2022-07-29 22:25:10,70.6333,147.9167,51.58,81,100,9.98
93,Victor Harbor,AU,2022-07-29 22:25:04,-35.5667,138.6167,50.68,57,98,12.46
94,Sioux Lookout,CA,2022-07-29 22:27:05,50.1001,-91.917,71.67,53,40,8.05
95,Lafia,NG,2022-07-29 22:27:06,8.4833,8.5167,71.64,91,27,3.04
96,Puerto Ayora,EC,2022-07-29 22:27:06,-0.7393,-90.3518,76.96,92,82,8.01
97,Tabuk,PH,2022-07-29 22:27:08,17.4189,121.4443,74.68,93,100,2.59
98,Upernavik,GL,2022-07-29 22:27:08,72.7868,-56.1549,42.78,89,100,7.47
99,Zhigansk,RU,2022-07-29 22:26:46,66.7697,123.3711,64.72,71,33,13.0
100,Mahebourg,MU,2022-07-29 22:25:26,-20.4081,57.7,68.29,88,40,17.27
101,Yarmouth,US,2022-07-29 22:27:11,41.7057,-70.2286,84.96,59,0,12.66
102,Ardakan,IR,2022-07-29 22:27:13,32.31,54.0175,81.54,60,93,5.97
103,Atherton,GB,2022-07-29 22:27:13,53.5237,-2.4935,66.29,73,100,3.4
104,Souillac,MU,2022-07-29 22:27:14,-20.5167,57.5167,68.38,88,40,17.27
105,Chiang Rai,TH,2022-07-29 22:27:16,19.9167,99.9167,75.18,99,20,0.0
106,Santander,ES,2022-07-29 22:25:38,43.4647,-3.8044,70.47,87,100,3.44
107,Shingu,JP,2022-07-29 22:27:17,33.7333,135.9833,79.12,85,100,3.74
108,Katangli,RU,2022-07-29 22:27:18,51.7102,143.2326,61.72,96,100,5.57
109,Luwuk,ID,2022-07-29 22:27:18,-0.9516,122.7875,75.29,94,99,3.94
110,Minudasht,IR,2022-07-29 22:27:20,37.2289,55.3747,74.75,91,75,3.4
111,Cidreira,BR,2022-07-29 22:27:20,-30.1811,-50.2056,54.57,72,94,14.94
112,Baleshwar,IN,2022-07-29 22:27:21,21.4942,86.9317,81.91,82,69,9.13
113,Longyearbyen,SJ,2022-07-29 22:27:23,78.2186,15.6401,48.04,81,75,2.3
114,Carnarvon,AU,2022-07-29 22:26:07,-24.8667,113.6333,64.22,78,99,18.95
115,Half Moon Bay,US,2022-07-29 22:27:24,37.4636,-122.4286,80.87,72,100,18.41
116,Mednogorskiy,RU,2022-07-29 22:27:25,43.9178,41.1825,61.02,85,0,4.79
117,Chuy,UY,2022-07-29 22:27:26,-33.6971,-53.4616,47.19,87,0,5.64
118,Ribeira Grande,PT,2022-07-29 22:27:26,38.5167,-28.7,74.12,70,13,1.83
119,Ormara,PK,2022-07-29 22:27:27,25.2088,64.6357,81.79,80,100,16.28
120,Avarua,CK,2022-07-29 22:27:28,-21.2078,-159.775,77.05,78,75,12.66
121,Tasiilaq,GL,2022-07-29 22:27:28,65.6145,-37.6368,42.96,77,70,3.44
122,Nioro,GM,2022-07-29 22:27:29,13.35,-15.75,77.11,87,78,8.72
123,Ponta Do Sol,PT,2022-07-29 22:27:29,32.6667,-17.1,75.0,82,1,4.32
124,Hay River,CA,2022-07-29 22:27:30,60.8156,-115.7999,62.58,59,75,5.75
125,Ilulissat,GL,2022-07-29 22:27:28,69.2167,-51.1,50.02,66,75,4.61
126,Sakaiminato,JP,2022-07-29 22:27:33,35.55,133.2333,84.18,70,75,8.05
127,Pacific Grove,US,2022-07-29 22:23:28,36.6177,-121.9166,77.54,76,40,10.36
128,Balkanabat,TM,2022-07-29 22:27:34,39.5108,54.3671,85.1,41,36,7.29
129,Kalmunai,LK,2022-07-29 22:27:36,7.4167,81.8167,78.73,81,100,7.81
130,La Palma,US,2022-07-29 22:27:36,33.8464,-118.0467,100.65,60,40,11.5
131,Yellowknife,CA,2022-07-29 22:27:36,62.456,-114.3525,70.32,37,75,9.22
132,Nanortalik,GL,2022-07-29 22:27:37,60.1432,-45.2371,46.4,84,98,11.81
133,Maxixe,MZ,2022-07-29 22:27:37,-23.8597,35.3472,64.47,83,2,2.86
134,Seaford,GB,2022-07-29 22:27:39,50.7714,0.1027,65.08,80,40,5.21
135,Barra,BR,2022-07-29 22:27:40,-11.0894,-43.1417,77.97,38,26,3.49
136,Yaring,TH,2022-07-29 22:27:41,6.8662,101.3689,77.72,89,69,6.15
137,Meulaboh,ID,2022-07-29 22:27:41,4.1363,96.1285,75.87,85,100,2.39
138,Beringovskiy,RU,2022-07-29 22:27:42,63.05,179.3167,49.08,78,91,4.16
139,Lima,PE,2022-07-29 22:27:26,-12.0432,-77.0282,61.9,78,75,5.75
140,Bubaque,GW,2022-07-29 22:26:26,11.2833,-15.8333,79.23,79,92,17.25
141,Vestmannaeyjar,IS,2022-07-29 22:28:44,63.4427,-20.2734,51.91,76,100,17.78
142,Kaitangata,NZ,2022-07-29 22:28:46,-46.2817,169.8464,38.62,78,69,4.07
143,Nizhnevartovsk,RU,2022-07-29 22:28:46,60.9344,76.5531,60.82,100,0,7.0
144,Kruisfontein,ZA,2022-07-29 22:28:46,-34.0033,24.7314,54.18,77,99,16.42
145,Ostrovnoy,RU,2022-07-29 22:28:48,68.0531,39.5131,46.47,97,100,23.04
146,Krasnoselkup,RU,2022-07-29 22:29:09,65.7,82.4667,61.34,85,97,9.89
147,Gushikawa,JP,2022-07-29 22:29:10,26.3544,127.8686,83.43,93,20,4.61
148,Isangel,VU,2022-07-29 22:25:56,-19.55,169.2667,78.91,83,100,6.91
149,Clyde River,CA,2022-07-29 22:27:12,70.4692,-68.5914,41.23,100,100,12.66
150,Road Town,VG,2022-07-29 22:29:11,18.4167,-64.6167,84.29,78,40,8.05
151,Baculin,PH,2022-07-29 22:29:12,7.4525,126.5842,78.22,84,99,7.36
152,Ornskoldsvik,SE,2022-07-29 22:29:13,63.2909,18.7153,54.55,100,100,2.3
153,Los Llanos De Aridane,ES,2022-07-29 22:29:13,28.6585,-17.9182,70.12,79,100,18.41
154,Gilbues,BR,2022-07-29 22:29:14,-9.8317,-45.3439,79.0,30,8,1.3
155,Mount Gambier,AU,2022-07-29 22:29:15,-37.8333,140.7667,41.31,72,3,11.07
156,Vostok,RU,2022-07-29 22:28:37,46.4856,135.8833,72.0,83,38,4.59
157,Richards Bay,ZA,2022-07-29 22:29:16,-28.783,32.0377,67.78,62,3,14.7
158,Sobolevo,RU,2022-07-29 22:29:17,54.4299,31.8996,52.59,85,28,4.76
159,Hofn,IS,2022-07-29 22:29:17,64.2539,-15.2082,47.75,77,100,23.29
160,Westport,US,2022-07-29 22:28:56,41.1415,-73.3579,85.28,67,20,11.5
161,Teknaf,BD,2022-07-29 22:29:18,20.8624,92.3058,80.96,85,92,2.77
162,Umea,SE,2022-07-29 22:29:19,63.8284,20.2597,52.92,100,85,2.3
163,Broken Hill,AU,2022-07-29 22:29:21,-31.95,141.4333,43.38,72,73,9.98
164,Saint-Augustin,CA,2022-07-29 22:24:24,51.226,-58.6502,59.36,88,99,9.73
165,Tazovskiy,RU,2022-07-29 22:29:21,67.4667,78.7,54.93,82,44,7.7
166,Constitucion,CL,2022-07-29 22:28:16,-35.3333,-72.4167,52.5,76,82,8.3
167,Leningradskiy,RU,2022-07-29 22:29:22,69.3833,178.4167,45.07,74,100,3.94
168,Quatre Cocos,MU,2022-07-29 22:29:23,-20.2078,57.7625,68.11,74,84,17.78
169,Hithadhoo,MV,2022-07-29 22:29:24,-0.6,73.0833,78.22,88,100,20.58
170,Parabel,RU,2022-07-29 22:29:24,58.6978,81.4825,55.45,87,56,6.4
171,Sambava,MG,2022-07-29 22:25:03,-14.2667,50.1667,68.95,89,90,9.82
172,San Quintin,MX,2022-07-29 22:29:25,30.4833,-115.95,73.31,67,97,11.34
173,Esso,RU,2022-07-29 22:29:26,55.9333,158.7,49.06,87,100,2.24
174,Buala,SB,2022-07-29 22:29:26,-8.145,159.5921,82.8,66,85,6.55
175,Najran,SA,2022-07-29 22:26:06,17.4924,44.1277,88.45,46,91,7.52
176,Pisco,PE,2022-07-29 22:24:57,-13.7,-76.2167,62.65,77,100,4.61
177,Te Anau,NZ,2022-07-29 22:29:27,-45.4167,167.7167,37.74,89,98,1.01
178,Tambopata,PE,2022-07-29 22:29:28,-12.7333,-69.1833,79.72,57,15,3.02
179,Plettenberg Bay,ZA,2022-07-29 22:27:11,-34.0527,23.3716,54.81,82,100,10.2
180,Bemidji,US,2022-07-29 22:29:29,47.4736,-94.8803,79.05,50,0,0.0
181,Lompoc,US,2022-07-29 22:29:29,34.6391,-120.4579,77.85,70,0,14.97
182,Torbay,CA,2022-07-29 22:29:30,47.6666,-52.7314,59.76,86,100,9.22
183,Port Hardy,CA,2022-07-29 22:29:32,50.6996,-127.4199,68.18,73,0,8.05
184,Maltahohe,NA,2022-07-29 22:30:32,-24.8333,16.9833,47.07,31,77,6.91
185,Kodiak,US,2022-07-29 22:30:33,57.79,-152.4072,54.91,94,100,10.36
186,Hobart,AU,2022-07-29 22:30:03,-42.8794,147.3294,41.05,86,20,6.91
187,Amarante Do Maranhao,BR,2022-07-29 22:30:33,-5.5667,-46.7422,79.41,50,45,3.62
188,Severo-Kurilsk,RU,2022-07-29 22:30:34,50.6789,156.125,55.13,84,97,11.79
189,Tual,ID,2022-07-29 22:30:34,-5.6667,132.75,79.03,87,92,18.88
190,Nelson Bay,AU,2022-07-29 22:26:24,-32.7167,152.15,52.0,87,97,10.0
191,Qixingtai,CN,2022-07-29 22:30:35,30.4135,111.8874,75.61,88,0,3.98
192,Biryusinsk,RU,2022-07-29 22:30:35,55.9634,97.8235,61.21,97,100,10.71
193,Lorengau,PG,2022-07-29 22:30:36,-2.0226,147.2712,84.36,67,80,11.72
194,Seoni,IN,2022-07-29 22:30:36,22.0833,79.5333,73.49,91,95,4.41
195,Bay City,US,2022-07-29 22:28:22,43.5945,-83.8889,79.12,49,40,16.11
196,Cervo,ES,2022-07-29 22:30:37,43.6702,-7.4101,67.96,90,35,6.78
197,Omsukchan,RU,2022-07-29 22:30:38,62.5333,155.8,56.32,43,57,2.24
198,Whitehorse,CA,2022-07-29 22:30:38,60.7161,-135.0538,70.02,41,75,4.61
199,Ngunguru,NZ,2022-07-29 22:30:40,-35.6167,174.5,59.81,68,25,11.68
200,Manicore,BR,2022-07-29 22:30:40,-5.8092,-61.3003,85.95,58,0,1.14
201,Narsaq,GL,2022-07-29 22:26:05,60.9167,-46.05,61.02,71,87,4.23
202,Dikson,RU,2022-07-29 22:30:41,73.5069,80.5464,40.44,96,100,17.74
203,Helsingborg,SE,2022-07-29 22:30:41,56.0467,12.6944,60.66,87,89,9.73
204,Kuytun,RU,2022-07-29 22:30:42,54.3419,101.5036,58.19,94,100,4.99
205,Pangai,TO,2022-07-29 22:30:42,-19.8,-174.35,80.71,83,40,18.41
206,Talcahuano,CL,2022-07-29 22:30:43,-36.7167,-73.1167,55.08,76,0,9.22
207,Cabo San Lucas,MX,2022-07-29 22:27:25,22.8909,-109.9124,94.3,40,20,14.97
208,Deputatskiy,RU,2022-07-29 22:30:44,69.3,139.9,56.19,77,100,2.62
209,Taybad,IR,2022-07-29 22:30:44,34.74,60.7756,82.74,30,96,23.29
210,Vao,NC,2022-07-29 22:30:45,-22.6667,167.4833,70.92,83,100,13.13
211,San Juan,AR,2022-07-29 22:28:51,-31.5375,-68.5364,63.68,19,100,4.41
212,Lufilufi,WS,2022-07-29 22:30:45,-13.8745,-171.5986,83.98,79,25,20.56
213,Sayyan,YE,2022-07-29 22:30:46,15.1718,44.3244,63.43,65,54,4.29
214,Portland,US,2022-07-29 22:30:25,45.5234,-122.6762,102.49,41,20,8.05
215,Mar Del Plata,AR,2022-07-29 22:30:03,-38.0023,-57.5575,57.22,81,0,5.99
216,Alofi,NU,2022-07-29 22:30:48,-19.0595,-169.9187,82.29,74,28,11.5
217,Sola,VU,2022-07-29 22:30:51,-13.8833,167.55,78.91,80,96,15.14
218,Keuruu,FI,2022-07-29 22:30:52,62.2667,24.7,57.38,92,100,6.6
219,Puerto Escondido,MX,2022-07-29 22:30:53,15.85,-97.0667,83.23,65,100,5.75
220,Aquiraz,BR,2022-07-29 22:27:44,-3.9014,-38.3911,80.69,85,43,9.71
221,Port Macquarie,AU,2022-07-29 22:30:24,-31.4333,152.9167,48.88,67,80,9.15
222,Lerwick,GB,2022-07-29 22:30:54,60.1545,-1.1494,57.2,89,36,25.32
223,Hamilton,US,2022-07-29 22:28:35,39.1834,-84.5333,82.65,50,40,14.97
224,Sankeshwar,IN,2022-07-29 22:30:56,16.2667,74.4833,75.22,83,100,4.36
225,Vestmanna,FO,2022-07-29 22:30:56,62.1564,-7.1664,52.72,100,100,20.71
226,Labuhan,ID,2022-07-29 22:30:57,-6.8844,112.2051,74.12,91,66,6.46
227,Batemans Bay,AU,2022-07-29 22:30:05,-35.7167,150.1833,43.11,54,4,4.14
228,Manacor,ES,2022-07-29 22:31:57,39.5696,3.2096,81.34,76,0,4.45
229,Nador,MA,2022-07-29 22:31:58,35.174,-2.9287,80.85,78,0,4.61
230,North Bend,US,2022-07-29 22:30:55,43.4065,-124.2243,84.24,84,20,18.41
231,Trofors,NO,2022-07-29 22:31:59,65.5333,13.4063,54.32,68,23,3.85
232,Smithers,CA,2022-07-29 22:30:14,54.7804,-127.1743,84.52,32,20,3.44
233,Jaca,ES,2022-07-29 22:32:00,42.569,-0.5499,67.98,88,3,4.41
234,Xichang,CN,2022-07-29 22:32:02,27.8964,102.2634,64.81,92,87,1.41
235,Cabra,ES,2022-07-29 22:32:02,37.4725,-4.4421,81.3,33,1,4.65
236,At-Bashi,KG,2022-07-29 22:32:02,41.1702,75.8106,56.68,58,99,1.07
237,Mogadishu,SO,2022-07-29 22:27:48,2.0371,45.3438,75.96,80,67,17.78
238,Oka,CA,2022-07-29 22:32:03,45.4649,-74.0889,78.75,53,63,10.36
239,Bilibino,RU,2022-07-29 22:32:03,68.0546,166.4372,56.07,50,21,5.57
240,Saldanha,ZA,2022-07-29 22:32:04,-33.0117,17.9442,48.25,65,80,3.0
241,Guantanamo,CU,2022-07-29 22:32:05,20.1444,-75.2092,87.37,69,64,6.85
242,San Luis,AR,2022-07-29 22:32:05,-33.295,-66.3356,55.98,22,100,4.85
243,West Bay,KY,2022-07-29 22:32:05,19.3667,-81.4167,88.07,76,40,13.8
244,Tanda,IN,2022-07-29 22:32:06,26.55,82.65,85.39,71,99,3.49
245,Tres Arroyos,AR,2022-07-29 22:32:06,-38.3739,-60.2798,49.32,62,0,4.03
246,Altoona,US,2022-07-29 22:32:07,40.5187,-78.3947,80.22,61,77,1.01
247,Atambua,ID,2022-07-29 22:27:43,-9.1061,124.8925,68.11,86,64,4.99
248,Suntar,RU,2022-07-29 22:32:09,62.1444,117.6319,66.63,89,17,5.86
249,Komsomolskiy,UZ,2022-07-29 22:32:10,40.4272,71.7189,79.52,25,5,4.61
250,Klaksvik,FO,2022-07-29 22:32:10,62.2266,-6.589,54.52,97,100,31.92
251,Palmares,BR,2022-07-29 22:31:26,-8.6833,-35.5917,70.65,97,85,1.99
252,Benito Juarez,MX,2022-07-29 22:32:11,19.385,-99.165,62.94,87,100,9.22
253,Mendi,PG,2022-07-29 22:32:12,-6.1761,143.6513,61.47,86,91,0.58
254,Verkhnyaya Toyma,RU,2022-07-29 22:32:12,62.2349,44.9985,62.83,86,82,5.97
255,Ahipara,NZ,2022-07-29 22:32:13,-35.1667,173.1667,59.92,69,18,11.56
256,Codrington,AU,2022-07-29 22:32:13,-38.2667,141.9667,43.38,71,1,14.67
257,Inverell,AU,2022-07-29 22:32:14,-29.7833,151.1167,44.67,67,6,4.0
258,Ambulu,ID,2022-07-29 22:32:16,-8.345,113.6058,74.53,86,98,4.41
259,Olafsvik,IS,2022-07-29 22:32:17,64.8945,-23.7142,49.66,69,16,12.93
260,Grafton,US,2022-07-29 22:32:18,42.207,-71.6856,88.09,48,20,14.97
261,Storforshei,NO,2022-07-29 22:32:18,66.4043,14.5233,52.66,93,41,3.44
262,Cockburn Town,TC,2022-07-29 22:32:19,21.4612,-71.1419,84.16,65,40,17.27
263,Dingle,PH,2022-07-29 22:32:20,10.9995,122.6711,79.07,88,86,7.61
264,Guerrero Negro,MX,2022-07-29 22:32:21,27.9769,-114.0611,77.36,58,88,14.16
265,Pravda,RU,2022-07-29 22:32:22,46.9396,142.009,72.23,77,100,13.73
266,Sangmelima,CM,2022-07-29 22:32:22,2.9333,11.9833,66.74,99,74,3.06
267,Mahina,PF,2022-07-29 22:32:22,-17.5065,-149.489,80.37,61,75,13.8
268,Mayo,US,2022-07-29 22:32:24,38.8876,-76.5119,84.49,84,75,5.75
269,Talnakh,RU,2022-07-29 22:32:24,69.4865,88.3972,61.21,73,5,5.06
270,Harrisonburg,US,2022-07-29 22:32:24,38.4496,-78.8689,81.01,85,0,3.44
271,Morondava,MG,2022-07-29 22:32:26,-20.2833,44.2833,72.09,68,79,1.52
272,Normandin,CA,2022-07-29 22:32:26,48.8333,-72.5321,68.13,73,94,9.22
273,Auki,SB,2022-07-29 22:32:27,-8.7676,160.7034,84.22,60,41,2.68
274,Port Blair,IN,2022-07-29 22:33:28,11.6667,92.75,80.64,89,40,4.61
275,Airai,TL,2022-07-29 22:33:29,-8.9266,125.4092,57.58,74,37,2.66
276,Caravelas,BR,2022-07-29 22:33:30,-17.7125,-39.2481,73.33,80,47,12.03
277,Naze,JP,2022-07-29 22:33:31,28.3667,129.4833,79.72,83,75,17.67
278,Gat,IL,2022-07-29 22:33:32,31.61,34.7642,82.4,100,0,3.71
279,Tyrma,RU,2022-07-29 22:33:32,50.0833,132.1667,72.23,90,89,6.67
280,Cayenne,GF,2022-07-29 22:33:33,4.9333,-52.3333,81.09,1,13,2.3
281,Kulachi,PK,2022-07-29 22:33:33,31.9286,70.4592,88.7,65,47,5.35
282,Coquimbo,CL,2022-07-29 22:33:34,-29.9533,-71.3436,55.13,87,100,4.61
283,Sulangan,PH,2022-07-29 22:33:34,11.1373,123.7228,83.91,74,100,9.33
284,Faya,SA,2022-07-29 22:33:35,18.3851,42.4509,66.31,59,100,7.49
285,Dali,CN,2022-07-29 22:33:36,25.7,100.1833,62.44,94,95,2.21
286,Coahuayana,MX,2022-07-29 22:33:36,18.7333,-103.6833,84.47,73,58,4.79
287,Puerto Carreno,CO,2022-07-29 22:33:37,6.189,-67.4859,84.18,70,20,9.22
288,Comodoro Rivadavia,AR,2022-07-29 22:33:37,-45.8667,-67.5,49.86,57,0,8.05
289,Cherskiy,RU,2022-07-29 22:33:38,68.75,161.3,60.6,45,14,17.2
290,Fortuna,US,2022-07-29 22:33:38,40.5982,-124.1573,68.94,78,75,13.8
291,Kasane,BW,2022-07-29 22:33:39,-17.8167,25.15,53.83,47,23,5.41
292,Guigue,VE,2022-07-29 22:33:39,10.0853,-67.7792,73.42,90,74,1.63
293,Champerico,GT,2022-07-29 22:33:39,14.3,-91.9167,86.54,80,60,7.74
294,Grand Gaube,MU,2022-07-29 22:33:40,-20.0064,57.6608,68.4,77,77,5.99
295,San Felipe,VE,2022-07-29 22:33:40,10.3399,-68.7425,74.98,87,73,4.76
296,Christchurch,NZ,2022-07-29 22:30:54,-43.5333,172.6333,45.91,89,40,8.05
297,Barroquinha,BR,2022-07-29 22:33:41,-3.0189,-41.1361,77.52,80,54,6.24
298,San Blas,MX,2022-07-29 22:33:42,21.5167,-105.2667,85.89,64,94,6.87
299,Taoudenni,ML,2022-07-29 22:33:42,22.6783,-3.9836,103.33,16,46,12.71
300,Zhanaozen,KZ,2022-07-29 22:33:43,43.3,52.8,78.89,47,6,10.25
301,Orange Walk,BZ,2022-07-29 22:33:45,17.8333,-88.8333,82.04,84,90,3.18
302,Axim,GH,2022-07-29 22:33:45,4.8699,-2.2405,74.5,79,96,8.5
303,Keti Bandar,PK,2022-07-29 22:33:46,24.1447,67.4497,81.5,79,49,17.94
304,Mehamn,NO,2022-07-29 22:33:46,71.0357,27.8492,49.95,87,0,5.75
305,Faanui,PF,2022-07-29 22:33:47,-16.4833,-151.75,79.23,71,17,24.07
306,Sao Joao Da Barra,BR,2022-07-29 22:33:48,-21.6403,-41.0511,71.51,85,29,23.06
307,Maceio,BR,2022-07-29 22:33:49,-9.6658,-35.7353,76.44,88,20,3.44
308,Lavrentiya,RU,2022-07-29 22:33:49,65.5833,-171.0,47.08,77,86,9.66
309,Vallenar,CL,2022-07-29 22:33:50,-28.5708,-70.7581,65.19,53,28,2.55
310,Harper,LR,2022-07-29 22:33:50,4.375,-7.7169,74.64,71,37,8.14
311,Kloulklubed,PW,2022-07-29 22:33:51,7.0419,134.2556,75.7,74,100,13.89
312,Ciudad Bolivar,VE,2022-07-29 22:33:52,8.1222,-63.5497,80.96,75,91,7.9
313,Song Phi Nong,TH,2022-07-29 22:33:52,14.2241,100.0209,77.34,88,100,4.65
314,Kodinsk,RU,2022-07-29 22:33:53,58.6881,99.1844,60.3,98,99,2.37
315,Yerbogachen,RU,2022-07-29 22:33:53,61.2767,108.0108,59.56,97,100,6.67
316,Moranbah,AU,2022-07-29 22:33:53,-22.0016,148.0466,56.35,50,2,15.88
317,Lahij,YE,2022-07-29 22:33:54,13.1667,44.5833,87.3,46,83,1.92
318,Karaton,ID,2022-07-29 22:33:54,-6.3424,106.1045,72.36,96,96,1.23
319,San Vicente,AR,2022-07-29 22:33:55,-26.6167,-54.1333,44.82,80,0,2.95
320,Dubbo,AU,2022-07-29 22:32:08,-32.25,148.6167,35.73,93,4,9.22
321,Khorixas,NA,2022-07-29 22:33:55,-20.3667,14.9667,54.46,40,43,1.28
322,Goderich,CA,2022-07-29 22:34:56,43.7501,-81.7165,75.9,53,16,4.61
323,Saint-Philippe,RE,2022-07-29 22:34:57,-21.3585,55.7679,65.79,79,35,12.53
324,Paamiut,GL,2022-07-29 22:34:58,61.994,-49.6678,45.77,82,88,3.44
325,Aklavik,CA,2022-07-29 22:34:58,68.2191,-135.0107,46.4,93,100,5.75
326,Phibun Mangsahan,TH,2022-07-29 22:35:00,15.2447,105.2291,80.58,86,100,4.88
327,College,US,2022-07-29 22:35:00,64.8569,-147.8028,71.01,42,75,5.75
328,Sao Jose Da Coroa Grande,BR,2022-07-29 22:35:01,-8.8978,-35.1478,74.44,89,77,5.53
329,Homer,US,2022-07-29 22:35:01,59.6425,-151.5483,71.04,52,0,10.36
330,Binjai,ID,2022-07-29 22:35:02,3.6001,98.4854,76.95,91,98,2.93
331,Antofagasta,CL,2022-07-29 22:35:02,-23.65,-70.4,56.48,88,56,3.87
332,Kieta,PG,2022-07-29 22:35:03,-6.2167,155.6333,82.31,72,100,1.74
333,Ust-Kuyga,RU,2022-07-29 22:35:04,70.0167,135.6,59.07,61,60,5.32
334,Le Portel,FR,2022-07-29 22:35:04,50.7056,1.5757,62.29,78,19,7.63
335,Pevek,RU,2022-07-29 22:35:05,69.7008,170.3133,44.53,73,18,14.36
336,Akureyri,IS,2022-07-29 22:35:05,65.6835,-18.0878,44.53,93,100,8.05
337,Biscarrosse,FR,2022-07-29 22:35:06,44.3945,-1.1672,66.15,82,0,0.0
338,San Andres,CO,2022-07-29 22:35:07,12.5847,-81.7006,86.02,70,20,11.5
339,Menongue,AO,2022-07-29 22:35:08,-14.6585,17.691,52.05,33,5,3.29
340,Lata,PT,2022-07-29 22:35:09,40.1629,-8.3327,61.93,95,2,0.38
341,Ternate,ID,2022-07-29 22:35:09,0.8,127.4,80.02,78,92,3.36
342,Vila Velha,BR,2022-07-29 22:35:10,-20.3297,-40.2925,76.95,80,0,13.8
343,Kuznechikha,RU,2022-07-29 22:35:10,57.2161,42.3348,56.17,82,1,3.62
344,Zhanakorgan,KZ,2022-07-29 22:35:11,43.9098,67.2495,71.82,44,0,4.54
345,Mopti,ML,2022-07-29 22:35:11,14.6667,-4.0,80.08,65,100,5.3
346,Porto Novo,BJ,2022-07-29 22:32:50,6.4965,2.6036,76.82,76,96,7.4
347,Xining,CN,2022-07-29 22:34:32,36.6167,101.7667,56.75,64,0,2.55
348,Seymchan,RU,2022-07-29 22:35:12,62.8833,152.4333,61.92,45,1,4.88
349,Buraydah,SA,2022-07-29 22:35:13,26.326,43.975,97.25,18,100,2.37
350,Remanso,BR,2022-07-29 22:35:13,-9.6179,-42.0831,78.51,40,78,6.73
351,Henties Bay,NA,2022-07-29 22:35:14,-22.116,14.2845,53.58,86,41,8.52
352,Rawson,AR,2022-07-29 22:35:14,-43.3002,-65.1023,49.68,61,66,8.32
353,San Lorenzo,PY,2022-07-29 22:31:46,-25.3333,-57.5333,56.34,58,0,3.44
354,Sikonge,TZ,2022-07-29 22:35:15,-5.6333,32.7667,72.57,42,89,4.14
355,Pesca,CO,2022-07-29 22:35:16,5.55,-73.05,52.29,90,76,4.16
356,Atar,MR,2022-07-29 22:35:16,20.5169,-13.0499,93.83,34,4,11.86
357,Seoul,KR,2022-07-29 22:33:12,37.5683,126.9778,83.77,76,0,3.44
358,Wanning,CN,2022-07-29 22:35:17,18.8003,110.3967,80.2,84,100,6.71
359,San Patricio,US,2022-07-29 22:35:18,28.017,-97.5169,97.18,49,13,18.52
360,Kudahuvadhoo,MV,2022-07-29 22:35:18,2.6708,72.8944,80.69,78,100,17.18
361,Elliot,ZA,2022-07-29 22:35:19,-31.3333,27.85,47.52,69,61,2.08
362,Marijampole,LT,2022-07-29 22:35:20,54.5667,23.35,52.66,81,86,2.1
363,Daru,PG,2022-07-29 22:35:21,-9.0763,143.2092,77.61,91,99,15.79
364,Laguna,US,2022-07-29 22:35:21,38.421,-121.4238,100.31,36,0,5.75
365,Monterey,US,2022-07-29 22:35:21,36.2505,-121.2516,99.18,22,3,11.72
366,San Cristobal,VE,2022-07-29 22:36:22,7.7669,-72.225,78.98,79,26,3.76
367,Yulara,AU,2022-07-29 22:36:23,-25.2406,130.9889,53.96,28,94,5.1
368,Touros,BR,2022-07-29 22:36:23,-5.1989,-35.4608,76.24,85,73,10.11
369,Geghamasar,AM,2022-07-29 22:36:24,40.3109,45.6792,54.59,85,1,4.59
370,Salinas,US,2022-07-29 22:36:24,36.6777,-121.6555,85.01,63,0,14.97
371,San Jose Poaquil,GT,2022-07-29 22:36:25,14.8197,-90.9064,71.37,77,50,5.46
372,Wladyslawowo,PL,2022-07-29 22:36:25,54.7909,18.4009,60.35,68,91,11.43
373,Devarkonda,IN,2022-07-29 22:36:26,16.7,78.9333,80.64,77,91,3.94
374,Hun,LY,2022-07-29 22:36:26,29.1268,15.9477,84.69,43,0,7.67
375,Chulumani,BO,2022-07-29 22:36:27,-16.4096,-67.5263,62.33,84,84,2.46
376,Rodeo,US,2022-07-29 22:36:28,38.033,-122.2669,94.26,65,0,13.8
377,Mahajanga,MG,2022-07-29 22:36:29,-15.7167,46.3167,71.62,68,0,3.44
378,Ugoofaaru,MV,2022-07-29 22:36:29,5.6667,73.0,80.85,81,98,17.07
379,Alice Springs,AU,2022-07-29 22:36:30,-23.7,133.8833,40.55,52,100,0.0
380,Tak,TH,2022-07-29 22:36:30,16.5833,98.8333,72.79,93,99,1.83
381,Beinamar,TD,2022-07-29 22:36:31,8.6698,15.3813,69.91,97,100,3.76
382,Garissa,KE,2022-07-29 22:36:31,-0.4536,39.6401,72.21,78,59,17.78
383,Saint-Joseph,RE,2022-07-29 22:36:33,-21.3667,55.6167,64.78,76,14,11.54
384,Barranca,PE,2022-07-29 22:36:34,-10.75,-77.7667,62.4,77,20,7.54
385,Broome,US,2022-07-29 22:36:35,42.2506,-75.833,81.55,53,43,1.99
386,Port Lincoln,AU,2022-07-29 22:36:35,-34.7333,135.8667,56.34,42,90,18.61
387,Maiduguri,NG,2022-07-29 22:36:36,11.8464,13.1603,75.7,77,86,7.4
388,Asfi,MA,2022-07-29 22:36:36,32.2994,-9.2372,70.63,86,0,15.5
389,Bukachacha,RU,2022-07-29 22:36:37,52.9833,116.9167,64.0,73,56,2.71
390,Kulhudhuffushi,MV,2022-07-29 22:36:37,6.6221,73.07,80.83,81,96,15.41
391,Tautira,PF,2022-07-29 22:36:38,-17.7333,-149.15,77.45,75,15,22.19
392,Zverinogolovskoye,RU,2022-07-29 22:36:38,54.4586,64.8542,60.13,86,100,9.73
393,Karpogory,RU,2022-07-29 22:36:39,64.0019,44.4451,64.02,75,51,7.09
394,Areosa,PT,2022-07-29 22:36:39,41.7178,-8.8571,68.41,76,0,14.61
395,Saint-Leu,RE,2022-07-29 22:36:41,-21.15,55.2833,66.31,72,32,1.1
396,Santa Cruz De Tenerife,ES,2022-07-29 22:36:41,28.4682,-16.2546,77.59,95,75,19.57
397,Kostelec Nad Labem,CZ,2022-07-29 22:36:42,50.2265,14.5855,70.21,68,75,6.91
398,Bandarbeyla,SO,2022-07-29 22:36:42,9.4942,50.8122,75.85,85,91,28.45
399,Thompson,CA,2022-07-29 22:36:43,55.7435,-97.8558,69.96,68,100,9.22
400,South Venice,US,2022-07-29 22:36:44,27.0531,-82.4243,94.98,58,12,7.4
401,Ust-Kan,RU,2022-07-29 22:36:45,50.9276,84.761,56.55,89,95,4.0
402,Andenes,NO,2022-07-29 22:36:46,69.3143,16.1194,51.93,93,76,0.0
403,Miastko,PL,2022-07-29 22:36:46,54.0028,16.9826,57.02,73,79,8.12
404,Tecoanapa,MX,2022-07-29 22:36:47,16.5167,-98.75,84.52,71,58,8.55
405,Russell,US,2022-07-29 22:36:47,32.3502,-85.1999,92.35,52,0,5.75
406,Deulgaon Raja,IN,2022-07-29 22:36:48,20.0167,76.0333,75.42,88,95,6.46
407,Amapa,BR,2022-07-29 22:36:48,1.0,-52.0,74.73,87,100,5.21
408,Kavaratti,IN,2022-07-29 22:36:49,10.5669,72.642,81.16,84,67,17.74
409,Ken Caryl,US,2022-07-29 22:36:49,39.5773,-105.1169,82.62,47,59,11.01
410,Vila Franca Do Campo,PT,2022-07-29 22:36:50,37.7167,-25.4333,72.01,75,82,4.16
411,Esperance,AU,2022-07-29 22:36:50,-33.8667,121.9,50.34,72,23,23.17
412,Petropavlovsk-Kamchatskiy,RU,2022-07-29 22:36:51,53.0452,158.6483,63.19,59,75,2.24
413,Mahibadhoo,MV,2022-07-29 22:37:52,3.7833,72.9667,80.82,78,100,15.32
414,Gabu,GW,2022-07-29 22:37:53,12.2833,-14.2167,72.68,96,74,6.69
415,Nushki,PK,2022-07-29 22:37:53,29.5542,66.0215,83.88,61,94,8.93
416,Papara,BR,2022-07-29 22:37:55,-3.9839,-38.7273,79.2,89,16,4.41
417,Baiyin,CN,2022-07-29 22:37:55,36.5583,104.2081,71.42,61,1,2.33
418,Warragul,AU,2022-07-29 22:37:56,-38.1667,145.9333,42.04,72,22,1.83
419,Sena Madureira,BR,2022-07-29 22:37:56,-9.0656,-68.6569,83.19,41,69,1.14
420,Namatanai,PG,2022-07-29 22:37:57,-3.6667,152.4333,83.01,63,23,7.54
421,Araouane,ML,2022-07-29 22:37:57,18.9048,-3.5265,89.74,42,88,10.94
422,Rovaniemi,FI,2022-07-29 22:33:40,66.5,25.7167,54.81,76,100,9.22
423,Marquette,US,2022-07-29 22:37:58,46.5333,-87.6335,69.78,76,80,5.95
424,Pyshchug,RU,2022-07-29 22:37:58,58.8873,45.7134,60.85,98,100,1.86
425,Nouakchott,MR,2022-07-29 22:37:59,18.0858,-15.9785,80.53,80,56,14.67
426,Sinaloa,MX,2022-07-29 22:33:31,25.0,-107.5,88.61,54,61,11.56
427,Ati,TD,2022-07-29 22:37:59,13.2154,18.3353,76.15,76,100,10.96
428,Bernay,FR,2022-07-29 22:38:00,49.1667,0.6667,67.91,66,47,2.3
429,Cabedelo,BR,2022-07-29 22:38:00,-6.9811,-34.8339,77.67,88,93,11.81
430,Tabanan,ID,2022-07-29 22:38:01,-8.5413,115.1252,75.65,91,92,5.32
431,Ngong,KE,2022-07-29 22:38:01,-1.3618,36.6566,59.29,82,75,8.05
432,Ayaviri,PE,2022-07-29 22:38:01,-14.8864,-70.5889,47.89,17,1,2.75
433,Norman Wells,CA,2022-07-29 22:38:02,65.282,-126.8329,62.64,48,75,6.91
434,Viedma,AR,2022-07-29 22:38:02,-40.8135,-62.9967,52.99,42,0,5.03
435,Bethel,US,2022-07-29 22:38:03,41.3712,-73.414,83.52,65,40,9.22
436,The Valley,AI,2022-07-29 22:38:03,18.217,-63.0578,84.34,74,75,16.11
437,Nabire,ID,2022-07-29 22:38:04,-3.3667,135.4833,77.34,91,100,3.11
438,Tura,IN,2022-07-29 22:38:05,25.5198,90.2201,73.53,97,64,4.43
439,Kutum,SD,2022-07-29 22:38:05,14.2,24.6667,75.0,67,100,4.63
440,Abilene,US,2022-07-29 22:38:06,32.4487,-99.7331,98.82,26,0,13.8
441,Fairbanks,US,2022-07-29 22:33:23,64.8378,-147.7164,71.02,42,20,5.75
442,Watsa,CD,2022-07-29 22:38:07,3.0372,29.5355,64.09,99,100,1.81
443,Kabo,CF,2022-07-29 22:38:07,7.6994,18.629,68.27,98,100,2.26
444,La Ronge,CA,2022-07-29 22:38:08,55.1001,-105.2842,71.85,60,75,10.36
445,Bosaso,SO,2022-07-29 22:38:08,11.2842,49.1816,90.95,42,31,13.11
446,Cabo Rojo,PR,2022-07-29 22:38:09,18.0866,-67.1457,86.09,77,59,3.0
447,Lagoa,PT,2022-07-29 22:38:09,39.05,-27.9833,72.73,69,0,1.66
448,Ulladulla,AU,2022-07-29 22:38:09,-35.35,150.4667,48.22,58,7,3.69
449,Roebourne,AU,2022-07-29 22:38:10,-20.7833,117.1333,66.43,48,19,2.64
450,Skelleftea,SE,2022-07-29 22:38:12,64.7507,20.9528,50.0,100,78,5.75
451,Warmbad,NA,2022-07-29 22:38:12,-28.45,18.7333,48.2,74,0,8.48
452,Cairns,AU,2022-07-29 22:38:13,-16.9167,145.7667,73.11,70,39,12.66
453,Poum,NC,2022-07-29 22:38:14,-20.2333,164.0167,73.08,82,100,16.64
454,Manaure,CO,2022-07-29 22:38:14,11.7751,-72.4445,86.2,59,14,20.8
455,Imbituba,BR,2022-07-29 22:38:14,-28.24,-48.6703,59.09,70,1,8.01
456,Thinadhoo,MV,2022-07-29 22:38:15,0.5333,72.9333,79.68,81,100,19.73
457,Otavi,NA,2022-07-29 22:38:15,-19.65,17.3333,60.06,29,1,2.04
458,Tsivilsk,RU,2022-07-29 22:38:16,55.8611,47.4664,63.61,77,100,5.01
459,Abha,SA,2022-07-29 22:38:17,18.2164,42.5053,66.02,94,0,0.0
460,Srednekolymsk,RU,2022-07-29 22:38:17,67.45,153.6833,67.21,32,86,10.31
461,Torres,BR,2022-07-29 22:39:18,-29.3353,-49.7269,52.83,72,28,8.39
462,Natal,BR,2022-07-29 22:36:56,-5.795,-35.2094,79.02,89,75,9.22
463,Ulaangom,MN,2022-07-29 22:39:18,49.9811,92.0667,63.46,55,45,2.91
464,Lasa,IT,2022-07-29 22:39:19,46.6166,10.7002,58.37,96,100,5.57
465,Boden,SE,2022-07-29 22:39:19,65.8252,21.6886,50.0,72,100,2.8
466,Am Timan,TD,2022-07-29 22:39:20,11.0297,20.2827,70.54,95,97,4.72
467,Timizart,DZ,2022-07-29 22:39:22,36.8,4.2667,78.04,55,0,4.25
468,Wajid,SO,2022-07-29 22:39:25,3.8093,43.2471,71.76,74,41,21.52
469,Wabash,US,2022-07-29 22:39:26,40.7978,-85.8205,79.32,60,75,5.08
470,Saint George,US,2022-07-29 22:39:26,37.1041,-113.5841,97.39,28,0,10.36
471,Barkly West,ZA,2022-07-29 22:39:27,-28.5354,24.5215,43.88,31,93,8.32
472,Yar-Sale,RU,2022-07-29 22:39:28,66.8333,70.8333,63.57,84,43,14.34
473,Tyukalinsk,RU,2022-07-29 22:39:28,55.8732,72.1967,54.91,87,14,8.21
474,Sinjai,ID,2022-07-29 22:39:30,-5.1241,120.253,77.04,86,94,4.32
475,Washougal,US,2022-07-29 22:39:31,45.5826,-122.3534,103.01,44,0,8.05
476,Sharjah,AE,2022-07-29 22:39:31,25.3573,55.4033,88.09,66,0,10.36
477,Sterling,US,2022-07-29 22:39:33,39.0062,-77.4286,83.77,85,75,11.5
478,Havre-Saint-Pierre,CA,2022-07-29 22:39:33,50.2334,-63.5986,61.16,100,100,5.75
479,Iquique,CL,2022-07-29 22:35:30,-20.2208,-70.1431,59.04,83,59,2.01
480,Keighley,GB,2022-07-29 22:39:34,53.8679,-1.9066,65.71,76,20,8.05
481,Aransas Pass,US,2022-07-29 22:39:34,27.9095,-97.15,94.21,69,0,20.71
482,Itacare,BR,2022-07-29 22:39:35,-14.2775,-38.9967,71.98,81,15,7.67
483,Marang,MY,2022-07-29 22:39:35,5.2056,103.2059,78.71,88,84,4.05
484,Paungde,MM,2022-07-29 22:39:37,18.4833,95.5,78.71,86,100,4.83
485,Pingliang,CN,2022-07-29 22:39:37,35.5392,106.6861,65.95,90,10,3.71
486,Young,UY,2022-07-29 22:39:38,-32.6833,-57.6333,48.34,67,0,3.02
487,Mecca,SA,2022-07-29 22:38:19,21.4267,39.8261,90.54,25,81,2.26
488,Bengkulu,ID,2022-07-29 22:39:39,-3.8004,102.2655,75.85,74,100,2.82
489,Kargasok,RU,2022-07-29 22:39:40,59.0556,80.8572,59.23,74,85,7.67
490,Urkut,HU,2022-07-29 22:39:40,47.085,17.6439,73.33,64,97,1.66
491,Buchanan,LR,2022-07-29 22:39:41,5.8808,-10.0467,74.48,76,100,6.22
492,Zyryanka,RU,2022-07-29 22:39:41,65.75,150.85,66.15,36,67,17.83
493,Gamba,GA,2022-07-29 22:39:42,-2.65,10.0,69.78,93,39,2.75
494,Buarcos,PT,2022-07-29 22:39:42,40.166,-8.8768,65.66,91,4,6.42
495,Pangody,RU,2022-07-29 22:39:42,65.85,74.4859,62.19,64,40,5.88
496,Mpanda,TZ,2022-07-29 22:39:43,-6.3655,31.0409,73.24,49,100,2.77
497,Padang,ID,2022-07-29 22:39:44,-0.9492,100.3543,71.65,94,99,4.65
498,Hami,CN,2022-07-29 22:39:45,42.8,93.45,83.28,21,86,18.41
499,Djenne,ML,2022-07-29 22:39:45,13.9061,-4.5533,80.94,63,100,7.74
500,Inirida,CO,2022-07-29 22:39:46,3.8653,-67.9239,73.2,95,90,2.3
501,Berlevag,NO,2022-07-29 22:39:46,70.8578,29.0864,50.0,81,20,8.05
502,Sao Desiderio,BR,2022-07-29 22:39:47,-12.3633,-44.9733,73.51,31,6,2.17
503,Kirksville,US,2022-07-29 22:39:47,40.1948,-92.5833,80.82,54,0,5.75
504,Bloomfield,US,2022-07-29 22:39:48,40.8068,-74.1854,85.66,59,75,11.5
505,Ursulo Galvan,MX,2022-07-29 22:40:48,22.7333,-98.3,89.67,55,98,10.92
506,Kigoma,TZ,2022-07-29 22:40:49,-4.8769,29.6267,72.19,78,20,0.0
507,Ponta Delgada,PT,2022-07-29 22:36:48,37.7333,-25.6667,72.32,83,20,9.22
508,Beira,MZ,2022-07-29 22:40:50,-19.8436,34.8389,78.89,89,20,3.44
509,Kletskaya,RU,2022-07-29 22:40:51,49.3145,43.0584,71.22,72,34,9.01
510,Ancud,CL,2022-07-29 22:40:51,-41.8697,-73.8203,49.23,89,61,3.62
511,Kismayo,SO,2022-07-29 22:40:52,-0.3582,42.5454,75.36,77,67,14.23
512,Liwale,TZ,2022-07-29 22:40:53,-9.7667,37.9333,65.77,84,95,2.73
513,Chara,RU,2022-07-29 22:40:53,56.9064,118.2631,63.03,66,37,2.75
514,Santiago Del Estero,AR,2022-07-29 22:40:54,-27.7951,-64.2615,62.29,29,2,7.72
515,Mardin,TR,2022-07-29 22:36:59,37.3131,40.7436,81.72,17,0,6.02
516,Namibe,AO,2022-07-29 22:40:55,-15.1961,12.1522,60.08,89,26,2.01
517,Sucua,EC,2022-07-29 22:40:56,-2.4667,-78.1667,79.54,65,40,5.75
518,Sabang,ID,2022-07-29 22:40:57,5.8933,95.3214,81.52,76,50,23.89
519,Northampton,US,2022-07-29 22:37:07,40.8754,-75.2499,76.75,77,90,4.7
520,Nantucket,US,2022-07-29 22:40:58,41.2835,-70.0995,82.51,83,0,12.66
521,Chitipa,MW,2022-07-29 22:40:58,-9.7024,33.2697,54.46,95,14,5.21
522,Qaqortoq,GL,2022-07-29 22:40:59,60.7167,-46.0333,46.27,83,88,4.65
523,Chumikan,RU,2022-07-29 22:41:00,54.7183,135.315,61.41,98,100,14.99
524,Ascension,US,2022-07-29 22:41:01,30.2169,-90.9001,87.01,81,0,0.0
525,Prince Rupert,CA,2022-07-29 22:41:02,54.3161,-130.3201,66.29,81,75,17.27
526,Denpasar,ID,2022-07-29 22:37:33,-8.65,115.2167,76.71,88,40,11.5
527,Arroyo,ES,2022-07-29 22:41:03,41.6096,-4.7969,69.84,64,0,17.27
528,Bongor,TD,2022-07-29 22:41:03,10.2806,15.3722,72.18,92,100,3.44
529,Lagoa Seca,BR,2022-07-29 22:41:04,-7.1708,-35.8536,72.03,88,40,10.36
530,Miri,MY,2022-07-29 22:41:04,4.4148,114.0089,77.14,94,40,4.61
531,Guane,CU,2022-07-29 22:41:05,22.2025,-84.0875,85.87,59,3,10.47
532,Ca Mau,VN,2022-07-29 22:37:34,9.1769,105.15,78.1,91,26,4.43
533,Solnechnyy,RU,2022-07-29 22:41:06,50.7214,136.6319,74.61,85,95,9.51
534,Mezhova,UA,2022-07-29 22:41:06,48.2532,36.7347,63.27,64,73,9.01
535,Avera,US,2022-07-29 22:41:07,33.194,-82.5271,93.54,47,98,8.05
536,Belomorsk,RU,2022-07-29 22:41:07,64.5232,34.7668,49.77,96,100,14.03
537,Camopi,GF,2022-07-29 22:41:09,3.1655,-52.3158,72.19,98,91,3.27
538,Hovd,MN,2022-07-29 22:41:09,48.0056,91.6419,63.75,46,63,5.57
539,Coleraine,GB,2022-07-29 22:41:10,55.1333,-6.6667,61.11,95,100,10.47
540,Sur,OM,2022-07-29 22:41:10,22.5667,59.5289,82.24,72,93,11.25
541,Sadiqabad,PK,2022-07-29 22:41:10,28.3062,70.1307,84.92,72,44,13.89
542,Mattru,SL,2022-07-29 22:41:11,7.6244,-11.8332,70.99,84,98,3.02
543,Agirish,RU,2022-07-29 22:41:11,61.9247,63.0231,60.71,62,93,0.18
544,Hokitika,NZ,2022-07-29 22:41:12,-42.7167,170.9667,48.38,71,99,4.99
545,Nyurba,RU,2022-07-29 22:41:13,63.2842,118.3319,71.56,74,95,5.39
546,Allonnes,FR,2022-07-29 22:41:13,47.9674,0.1581,73.44,49,0,3.44
547,Kailua,US,2022-07-29 22:39:07,21.4022,-157.7394,88.07,65,75,10.36
548,Ixtapa,MX,2022-07-29 22:41:14,20.7,-105.2,87.22,66,75,11.5
549,Nome,US,2022-07-29 22:42:14,64.5011,-165.4064,60.87,45,0,11.5
550,Ajaccio,FR,2022-07-29 22:37:28,42.0,8.9167,73.45,65,0,4.61
551,Olga,RU,2022-07-29 22:42:15,43.7444,135.2892,78.91,74,42,3.31
552,Roald,NO,2022-07-29 22:42:16,62.5833,6.1333,58.91,78,83,2.42
553,Terekli-Mekteb,RU,2022-07-29 22:42:17,44.1671,45.8698,78.64,48,0,5.06
554,Hlohovec,SK,2022-07-29 22:42:18,48.4317,17.8031,68.94,68,100,5.1
555,Sinjar,IQ,2022-07-29 22:42:18,36.3209,41.8754,91.67,11,0,13.78
556,Danielskuil,ZA,2022-07-29 22:42:19,-28.1887,23.5395,47.08,39,45,3.67
557,Porto Velho,BR,2022-07-29 22:42:20,-8.7619,-63.9039,84.25,45,20,3.44
