City_ID,City,Lat,Lng,Max Temp,Humidity,Cloudiness,Wind Speed,Country,Date
0,Port Alfred,-33.5906,26.891,52.57,73,15,10.71,ZA,2022-08-01 00:26:54
1,Lake Saint Louis,38.7976,-90.7857,85.95,71,20,4.61,US,2022-08-01 00:26:55
2,Clyde River,70.4692,-68.5914,35.83,100,100,4.61,CA,2022-08-01 00:26:55
3,Cape Town,-33.9258,18.4232,56.37,76,0,8.01,ZA,2022-08-01 00:25:26
4,Hilo,19.7297,-155.09,85.28,67,0,13.8,US,2022-08-01 00:26:55
5,Esperance,-33.8667,121.9,49.64,57,5,17.18,AU,2022-08-01 00:26:56
6,Lakes Entrance,-37.8811,147.981,57.16,56,60,12.39,AU,2022-08-01 00:26:56
7,Chapais,49.7834,-74.8492,65.98,68,98,4.09,CA,2022-08-01 00:26:49
8,Anaconda,46.1285,-112.9423,92.39,13,8,14.92,US,2022-08-01 00:26:56
9,Kamskiye Polyany,55.4307,51.4171,63.41,94,96,4.85,RU,2022-08-01 00:26:56
10,Haines Junction,60.7522,-137.5108,64.35,52,95,9.22,CA,2022-08-01 00:26:57
11,Chicama,-7.8447,-79.1469,59.54,81,24,6.71,PE,2022-08-01 00:26:57
12,Nagornskiy,58.7731,57.5451,62.78,97,96,3.18,RU,2022-08-01 00:26:58
13,Vaini,-21.2,-175.2,80.76,89,75,6.91,TO,2022-08-01 00:26:58
14,Grand Gaube,-20.0064,57.6608,70.38,73,6,5.99,MU,2022-08-01 00:25:29
15,Ushuaia,-54.8,-68.3,35.26,93,40,3.44,AR,2022-08-01 00:26:58
16,Albany,42.6001,-73.9662,77.45,65,99,3.6,US,2022-08-01 00:23:03
17,Katsuura,35.1333,140.3,85.86,73,79,6.35,JP,2022-08-01 00:25:48
18,Fukue,32.6881,128.8419,82.76,89,75,18.41,JP,2022-08-01 00:26:59
19,Hermanus,-34.4187,19.2345,48.51,73,2,6.38,ZA,2022-08-01 00:24:35
20,Koumra,8.9126,17.5539,71.69,96,100,2.01,TD,2022-08-01 00:26:59
21,Constitucion,-35.3333,-72.4167,49.12,90,66,4.81,CL,2022-08-01 00:26:59
22,Soyo,-6.1349,12.3689,69.08,93,1,9.26,AO,2022-08-01 00:27:00
23,East London,-33.0153,27.9116,54.25,63,4,7.96,ZA,2022-08-01 00:27:00
24,Sao Filipe,14.8961,-24.4956,75.87,75,38,6.08,CV,2022-08-01 00:27:00
25,Tabou,4.423,-7.3528,75.11,79,98,12.48,CI,2022-08-01 00:27:01
26,Tuatapere,-46.1333,167.6833,46.89,84,86,8.77,NZ,2022-08-01 00:25:38
27,Keetmanshoop,-26.5833,18.1333,48.87,31,3,10.96,NA,2022-08-01 00:27:01
28,Bengkulu,-3.8004,102.2655,75.56,86,79,4.09,ID,2022-08-01 00:27:01
29,Lebu,-37.6167,-73.65,46.83,83,95,4.79,CL,2022-08-01 00:27:02
30,Bluff,-46.6,168.3333,50.81,76,59,15.97,NZ,2022-08-01 00:27:02
31,Busselton,-33.65,115.3333,56.91,94,90,28.39,AU,2022-08-01 00:24:46
32,Ostrovnoy,68.0531,39.5131,54.43,83,89,5.53,RU,2022-08-01 00:24:36
33,Jackson,42.4165,-122.8345,94.87,38,0,11.5,US,2022-08-01 00:22:37
34,Cayenne,4.9333,-52.3333,82.09,1,64,0.0,GF,2022-08-01 00:27:02
35,Tiksi,71.6872,128.8694,41.13,94,100,16.55,RU,2022-08-01 00:26:59
36,Avera,33.194,-82.5271,87.31,34,6,6.2,US,2022-08-01 00:27:03
37,Faya,18.3851,42.4509,68.52,62,80,8.21,SA,2022-08-01 00:27:03
38,New Norfolk,-42.7826,147.0587,50.92,84,99,1.99,AU,2022-08-01 00:25:30
39,Kamenka,51.3223,42.7678,61.74,69,89,9.19,RU,2022-08-01 00:27:03
40,Kapaa,22.0752,-159.319,87.78,64,40,17.27,US,2022-08-01 00:27:04
41,Atuona,-9.8,-139.0333,76.89,74,12,13.69,PF,2022-08-01 00:27:04
42,Lukang,24.0567,120.4352,86.41,71,70,9.22,TW,2022-08-01 00:27:04
43,Bambous Virieux,-20.3428,57.7575,70.21,83,40,9.22,MU,2022-08-01 00:27:04
44,Gunjur,13.2019,-16.7339,75.27,94,75,0.0,GM,2022-08-01 00:27:05
45,Airai,-8.9266,125.4092,64.78,76,61,2.93,TL,2022-08-01 00:27:05
46,San Luis,-33.295,-66.3356,54.93,39,17,9.13,AR,2022-08-01 00:30:00
47,San Patricio,28.017,-97.5169,90.54,56,59,15.88,US,2022-08-01 00:25:18
48,Rawson,-43.3002,-65.1023,47.34,75,98,8.63,AR,2022-08-01 00:30:00
49,Qaanaaq,77.484,-69.3632,45.63,62,58,1.66,GL,2022-08-01 00:30:00
50,Chuy,-33.6971,-53.4616,47.82,81,91,3.53,UY,2022-08-01 00:30:01
51,Manacor,39.5696,3.2096,81.32,53,0,2.95,ES,2022-08-01 00:30:01
52,Duluth,46.7833,-92.1066,75.07,89,100,10.36,US,2022-08-01 00:27:09
53,Arraial Do Cabo,-22.9661,-42.0278,68.34,69,0,10.04,BR,2022-08-01 00:30:02
54,Kalmunai,7.4167,81.8167,78.66,84,100,4.85,LK,2022-08-01 00:30:02
55,Ati,13.2154,18.3353,81.64,66,100,5.99,TD,2022-08-01 00:30:02
56,Korcula,42.9622,17.1369,77.7,55,0,7.34,HR,2022-08-01 00:30:03
57,Samarkand,39.6542,66.9597,65.62,68,1,4.61,UZ,2022-08-01 00:30:03
58,Punta Arenas,-53.15,-70.9167,42.91,75,75,8.05,CL,2022-08-01 00:30:04
59,Mataura,-46.1927,168.8643,50.49,73,100,9.24,NZ,2022-08-01 00:30:04
60,Avarua,-21.2078,-159.775,78.85,65,20,16.11,CK,2022-08-01 00:30:04
61,Rikitea,-23.1203,-134.9692,72.46,73,100,23.82,PF,2022-08-01 00:30:05
62,Safaga,26.7292,33.9365,86.67,37,39,6.35,EG,2022-08-01 00:30:05
63,Jamestown,42.097,-79.2353,74.84,54,20,4.61,US,2022-08-01 00:29:22
64,Belaya Gora,68.5333,146.4167,80.02,35,98,12.28,RU,2022-08-01 00:30:05
65,Butaritari,3.0707,172.7902,81.48,78,73,13.11,KI,2022-08-01 00:30:06
66,Zarate,-34.0981,-59.0286,54.84,69,0,1.01,AR,2022-08-01 00:30:06
67,Saskylakh,71.9167,114.0833,45.64,77,100,10.36,RU,2022-08-01 00:30:06
68,Korla,41.7597,86.1469,78.3,40,30,14.67,CN,2022-08-01 00:30:07
69,Batouri,4.4333,14.3667,67.17,93,97,3.4,CM,2022-08-01 00:30:07
70,Mitsamiouli,-11.3847,43.2844,75.18,71,0,3.69,KM,2022-08-01 00:30:07
71,Alamos,27.0167,-108.9333,88.79,48,45,3.56,MX,2022-08-01 00:30:08
72,Kendari,-3.945,122.4989,78.06,89,98,2.08,ID,2022-08-01 00:30:08
73,Quatre Cocos,-20.2078,57.7625,69.1,68,39,11.95,MU,2022-08-01 00:30:08
74,Cidreira,-30.1811,-50.2056,58.93,88,88,9.89,BR,2022-08-01 00:27:51
75,Victoria,22.2855,114.1577,90.25,76,19,4.0,HK,2022-08-01 00:29:27
76,Aklavik,68.2191,-135.0107,67.21,44,68,4.0,CA,2022-08-01 00:30:09
77,Wanganui,-39.9333,175.05,55.6,72,6,14.0,NZ,2022-08-01 00:30:09
78,Warrnambool,-38.3833,142.4833,52.11,80,57,22.48,AU,2022-08-01 00:30:09
79,Fortuna,40.5982,-124.1573,73.92,73,0,11.5,US,2022-08-01 00:30:10
80,Puerto Ayora,-0.7393,-90.3518,71.55,91,77,4.0,EC,2022-08-01 00:30:10
81,Botou,38.0667,116.5667,86.92,60,0,3.22,CN,2022-08-01 00:30:10
82,Ishinomaki,38.4167,141.3,84.2,73,100,7.27,JP,2022-08-01 00:30:11
83,Severo-Yeniseyskiy,60.3725,93.0408,51.4,90,100,4.7,RU,2022-08-01 00:28:07
84,Grootfontein,-19.5667,18.1167,54.97,38,1,5.75,NA,2022-08-01 00:30:11
85,Barrow,71.2906,-156.7887,35.62,87,75,9.22,US,2022-08-01 00:28:06
86,Kavieng,-2.5744,150.7967,85.17,69,84,14.36,PG,2022-08-01 00:30:12
87,Ribeira Grande,38.5167,-28.7,73.76,76,19,5.32,PT,2022-08-01 00:30:12
88,Luderitz,-26.6481,15.1594,57.42,52,0,7.0,NA,2022-08-01 00:30:12
89,Mehamn,71.0357,27.8492,57.15,94,100,2.3,NO,2022-08-01 00:30:12
90,Castro,-24.7911,-50.0119,52.38,78,0,2.42,BR,2022-08-01 00:30:13
91,Lamin,13.3522,-16.4339,75.31,92,100,8.55,GM,2022-08-01 00:30:13
92,Longyearbyen,78.2186,15.6401,49.84,76,40,11.5,SJ,2022-08-01 00:30:13
93,San Cristobal,7.7669,-72.225,69.98,99,100,1.79,VE,2022-08-01 00:31:14
94,Isangel,-19.55,169.2667,80.71,69,40,8.05,VU,2022-08-01 00:31:14
95,Beloha,-25.1667,45.05,63.84,93,2,5.03,MG,2022-08-01 00:31:14
96,Nishihara,26.1842,127.7558,79.68,94,75,17.27,JP,2022-08-01 00:28:22
97,Port Blair,11.6667,92.75,78.84,94,40,2.3,IN,2022-08-01 00:31:15
98,Meulaboh,4.1363,96.1285,77.68,86,100,4.34,ID,2022-08-01 00:31:15
99,Muriti,-1.9833,32.9167,72.16,66,92,2.51,TZ,2022-08-01 00:31:15
100,Chegdomyn,51.1167,133.0167,70.72,94,100,5.95,RU,2022-08-01 00:31:16
101,Alice Springs,-23.7,133.8833,56.75,44,2,14.97,AU,2022-08-01 00:28:08
102,Lethem,3.3803,-59.7968,75.83,89,100,5.46,GY,2022-08-01 00:31:16
103,Chiredzi,-21.05,31.6667,60.03,55,15,9.55,ZW,2022-08-01 00:31:16
104,Iquique,-20.2208,-70.1431,59.04,77,70,0.65,CL,2022-08-01 00:31:01
105,Khasan,42.4308,130.6434,72.52,99,100,5.61,RU,2022-08-01 00:31:17
106,Hithadhoo,-0.6,73.0833,80.73,74,100,16.35,MV,2022-08-01 00:31:17
107,Les Cayes,18.2,-73.75,81.23,81,48,4.03,HT,2022-08-01 00:31:18
108,Yar-Sale,66.8333,70.8333,51.48,70,5,6.8,RU,2022-08-01 00:31:18
109,Cockburn Town,21.4612,-71.1419,82.02,85,0,19.86,TC,2022-08-01 00:31:18
110,Carnarvon,-24.8667,113.6333,69.42,75,100,15.75,AU,2022-08-01 00:31:18
111,Qasigiannguit,68.8193,-51.1922,59.25,96,86,3.78,GL,2022-08-01 00:31:19
112,Bend,44.0582,-121.3153,97.27,46,100,7.11,US,2022-08-01 00:31:19
113,Leshukonskoye,64.8989,45.7622,57.78,97,100,2.28,RU,2022-08-01 00:31:19
114,Betafo,-19.8333,46.85,50.95,89,2,3.94,MG,2022-08-01 00:31:20
115,Gorontalo,0.5412,123.0595,82.8,77,100,0.58,ID,2022-08-01 00:31:20
116,Kodiak,57.79,-152.4072,63.91,68,100,4.61,US,2022-08-01 00:31:21
117,Ilinskiy,55.619,38.1182,57.58,76,0,0.0,RU,2022-08-01 00:31:21
118,Bredasdorp,-34.5322,20.0403,41.77,83,0,3.56,ZA,2022-08-01 00:31:21
119,Hamilton,39.1834,-84.5333,76.75,79,0,6.91,US,2022-08-01 00:28:54
120,Cherskiy,68.75,161.3,71.22,35,87,18.52,RU,2022-08-01 00:30:48
121,Tres Barras,-26.1064,-50.3222,49.53,73,0,0.43,BR,2022-08-01 00:31:22
122,Leningradskiy,69.3833,178.4167,51.35,63,50,7.11,RU,2022-08-01 00:26:51
123,Boali,4.8005,18.1275,70.72,94,100,2.46,CF,2022-08-01 00:31:22
124,Malanje,-9.5402,16.341,61.38,66,0,3.65,AO,2022-08-01 00:31:22
125,Aksu,41.1231,80.2644,73.53,50,31,6.55,CN,2022-08-01 00:31:23
126,Mapimi,25.8167,-103.85,85.26,27,11,12.17,MX,2022-08-01 00:31:23
127,Ilulissat,69.2167,-51.1,59.02,38,38,16.11,GL,2022-08-01 00:26:37
128,Vanavara,60.34,102.2797,68.5,79,17,2.77,RU,2022-08-01 00:31:23
129,Hobart,-42.8794,147.3294,51.26,71,75,18.41,AU,2022-08-01 00:27:52
130,Burnie,-41.0667,145.9167,52.95,70,47,14.61,AU,2022-08-01 00:31:24
131,Chaupal,30.95,77.5833,58.28,92,91,1.83,IN,2022-08-01 00:31:24
132,Jieshi,22.8134,115.8257,85.46,75,7,10.33,CN,2022-08-01 00:27:28
133,Talnakh,69.4865,88.3972,47.21,56,2,19.77,RU,2022-08-01 00:31:24
134,Kaitong,44.8135,123.15,83.71,66,0,9.37,CN,2022-08-01 00:31:25
135,Kaitangata,-46.2817,169.8464,47.48,64,100,7.85,NZ,2022-08-01 00:30:33
136,Salinopolis,-0.6136,-47.3561,78.15,86,100,9.28,BR,2022-08-01 00:31:25
137,Geraldton,-28.7667,114.6,66.61,55,100,26.46,AU,2022-08-01 00:31:25
138,Wanning,18.8003,110.3967,85.8,71,4,4.99,CN,2022-08-01 00:32:25
139,Chokurdakh,70.6333,147.9167,67.87,61,100,10.47,RU,2022-08-01 00:31:31
140,Hualmay,-11.0964,-77.6139,61.93,81,23,9.24,PE,2022-08-01 00:32:26
141,Yerbogachen,61.2767,108.0108,69.76,73,18,1.57,RU,2022-08-01 00:28:23
142,Lagoa,39.05,-27.9833,72.41,74,0,7.74,PT,2022-08-01 00:32:26
143,Bambanglipuro,-7.95,110.2833,77.32,75,55,2.26,ID,2022-08-01 00:32:26
144,Pacifica,37.6138,-122.4869,77.97,82,75,18.41,US,2022-08-01 00:32:27
145,Dikson,73.5069,80.5464,41.25,94,100,9.55,RU,2022-08-01 00:32:27
146,Narsaq,60.9167,-46.05,50.22,86,99,2.86,GL,2022-08-01 00:32:27
147,Tuktoyaktuk,69.4541,-133.0374,64.4,48,40,3.44,CA,2022-08-01 00:32:28
148,Sobolevo,54.4299,31.8996,59.25,73,100,8.46,RU,2022-08-01 00:32:28
149,Norman Wells,65.282,-126.8329,73.44,46,20,10.36,CA,2022-08-01 00:32:28
150,Kahului,20.8947,-156.47,87.82,55,20,19.57,US,2022-08-01 00:32:29
151,Komsomolskiy,40.4272,71.7189,77.72,36,36,2.3,UZ,2022-08-01 00:32:29
152,Cuddapah,14.4667,78.8167,84.36,70,100,3.62,IN,2022-08-01 00:32:30
153,Serenje,-13.2325,30.2352,52.9,58,0,6.11,ZM,2022-08-01 00:32:30
154,Erenhot,43.6475,111.9767,82.69,38,100,8.05,CN,2022-08-01 00:32:30
155,Mnogovershinnyy,53.9353,139.9242,72.07,61,13,6.76,RU,2022-08-01 00:32:31
156,Cururupu,-1.8283,-44.8683,73.9,98,97,2.73,BR,2022-08-01 00:32:31
157,Lavrentiya,65.5833,-171.0,48.81,69,95,4.76,RU,2022-08-01 00:32:31
158,Pafos,34.7667,32.4167,76.78,73,0,4.61,CY,2022-08-01 00:32:31
159,Te Anau,-45.4167,167.7167,45.09,91,100,7.92,NZ,2022-08-01 00:32:32
160,Plymouth,41.8334,-70.8328,78.22,70,0,4.61,US,2022-08-01 00:32:32
161,Sunbury,-37.5833,144.7333,52.83,73,40,17.27,AU,2022-08-01 00:32:32
162,Cabo San Lucas,22.8909,-109.9124,86.31,75,75,6.91,MX,2022-08-01 00:28:42
163,Grindavik,63.8424,-22.4338,49.95,81,75,13.8,IS,2022-08-01 00:32:33
164,Uaua,-9.8414,-39.4817,71.02,75,0,14.27,BR,2022-08-01 00:32:33
165,Georgetown,5.4112,100.3354,80.89,87,40,4.61,MY,2022-08-01 00:30:04
166,Panguna,-6.3164,155.4848,83.48,54,94,4.21,PG,2022-08-01 00:32:33
167,Sandnessjoen,66.0217,12.6316,57.72,92,100,5.01,NO,2022-08-01 00:32:34
168,Kununurra,-15.7667,128.7333,73.38,33,56,0.0,AU,2022-08-01 00:32:34
169,Ancud,-41.8697,-73.8203,42.22,84,100,1.23,CL,2022-08-01 00:32:34
170,Leh,34.1667,77.5833,58.8,58,79,5.93,IN,2022-08-01 00:32:34
171,Bethel,41.3712,-73.414,79.16,65,100,5.23,US,2022-08-01 00:32:35
172,Harper,4.375,-7.7169,75.04,80,100,12.73,LR,2022-08-01 00:32:35
173,Oil City,41.4339,-79.7064,76.24,68,0,5.75,US,2022-08-01 00:32:36
174,Yellowknife,62.456,-114.3525,68.56,40,40,9.22,CA,2022-08-01 00:30:42
175,Vao,-22.6667,167.4833,69.84,77,78,25.48,NC,2022-08-01 00:32:36
176,Saint Anthony,45.0205,-93.218,84.13,66,20,14.97,US,2022-08-01 00:32:36
177,Khatanga,71.9667,102.5,48.16,64,60,10.71,RU,2022-08-01 00:32:36
178,Baiyin,36.5583,104.2081,72.66,64,100,2.08,CN,2022-08-01 00:32:37
179,Gurupa,-1.405,-51.64,76.19,87,94,3.47,BR,2022-08-01 00:32:37
180,Los Llanos De Aridane,28.6585,-17.9182,69.55,94,75,18.41,ES,2022-08-01 00:31:11
181,Danville,36.586,-79.395,79.18,87,100,5.75,US,2022-08-01 00:28:36
182,Pietersburg,-23.9045,29.4688,52.65,82,15,5.75,ZA,2022-08-01 00:32:38
183,Dwarka,22.2394,68.9678,80.55,81,100,20.6,IN,2022-08-01 00:33:38
184,San Pedro,14.35,121.0167,83.35,88,75,3.44,PH,2022-08-01 00:33:38
185,Namatanai,-3.6667,152.4333,84.42,70,44,11.14,PG,2022-08-01 00:32:47
186,Le Port,-20.9373,55.2919,69.76,65,26,9.08,RE,2022-08-01 00:33:39
187,Dunedin,-45.8742,170.5036,51.8,58,100,1.01,NZ,2022-08-01 00:31:14
188,Barranca,-10.75,-77.7667,61.14,82,24,8.55,PE,2022-08-01 00:33:39
189,Darnah,32.767,22.6367,78.31,78,0,15.17,LY,2022-08-01 00:33:39
190,Kenai,60.5544,-151.2583,68.02,72,0,13.8,US,2022-08-01 00:33:39
191,Colac,-38.3333,143.5833,49.17,70,38,17.54,AU,2022-08-01 00:33:40
192,Asau,46.4333,26.4,61.72,94,6,5.35,RO,2022-08-01 00:33:40
193,Laguna,38.421,-121.4238,91.09,48,0,11.5,US,2022-08-01 00:31:53
194,Port-Gentil,-0.7193,8.7815,74.73,85,7,13.51,GA,2022-08-01 00:33:40
195,Sambava,-14.2667,50.1667,66.52,90,41,8.84,MG,2022-08-01 00:33:41
196,Benguela,-12.5763,13.4055,63.99,87,6,3.36,AO,2022-08-01 00:33:41
197,Sitka,57.0531,-135.33,57.09,94,100,5.75,US,2022-08-01 00:33:41
198,Linguere,15.3953,-15.1193,79.02,83,0,13.8,SN,2022-08-01 00:33:42
199,Ampanihy,-24.7,44.75,63.93,88,10,4.03,MG,2022-08-01 00:33:42
200,Mayor Pablo Lagerenza,-19.9309,-60.7718,75.06,42,48,3.47,PY,2022-08-01 00:33:42
201,Ishigaki,24.3448,124.1572,77.13,100,75,3.44,JP,2022-08-01 00:33:43
202,Bridlington,54.0831,-0.1919,56.89,83,100,5.66,GB,2022-08-01 00:33:43
203,Cervo,43.6702,-7.4101,68.97,89,100,15.14,ES,2022-08-01 00:33:43
204,Provideniya,64.3833,-173.3,50.36,66,0,7.0,RU,2022-08-01 00:33:44
205,Caninde De Sao Francisco,-9.66,-37.7894,67.98,97,1,5.37,BR,2022-08-01 00:33:44
206,Ngunguru,-35.6167,174.5,58.86,49,2,7.72,NZ,2022-08-01 00:33:44
207,Rawicz,51.6095,16.8585,62.94,79,6,6.4,PL,2022-08-01 00:33:44
208,Cabedelo,-6.9811,-34.8339,75.87,83,94,12.97,BR,2022-08-01 00:33:40
209,Charters Towers,-20.1,146.2667,72.61,57,0,13.29,AU,2022-08-01 00:33:45
210,Karagay,58.2667,54.9368,59.07,97,99,3.06,RU,2022-08-01 00:33:25
211,Upernavik,72.7868,-56.1549,48.76,68,100,0.45,GL,2022-08-01 00:33:45
212,Roshchino,60.2519,29.6085,55.63,77,100,5.61,RU,2022-08-01 00:33:45
213,Iralaya,15.0,-83.2333,80.17,86,97,14.23,HN,2022-08-01 00:33:46
214,Peniche,39.3558,-9.3811,67.28,94,0,5.41,PT,2022-08-01 00:33:46
215,Djibo,14.1022,-1.6306,76.48,76,100,18.01,BF,2022-08-01 00:33:46
216,Sosnovo-Ozerskoye,52.5249,111.5418,65.66,67,9,12.68,RU,2022-08-01 00:33:47
217,Saint-Pierre,-21.3393,55.4781,67.91,68,0,6.91,RE,2022-08-01 00:33:47
218,Saint George,37.1041,-113.5841,87.64,49,0,13.8,US,2022-08-01 00:30:05
219,Tasiilaq,65.6145,-37.6368,42.96,50,23,4.99,GL,2022-08-01 00:33:47
220,Coffs Harbour,-30.3,153.1333,62.56,63,91,10.36,AU,2022-08-01 00:33:48
221,Oranjestad,12.524,-70.027,82.35,69,20,24.16,AW,2022-08-01 00:32:19
222,Atambua,-9.1061,124.8925,79.7,65,26,1.57,ID,2022-08-01 00:33:48
223,Deputatskiy,69.3,139.9,69.51,64,100,3.91,RU,2022-08-01 00:33:48
224,Hami,42.8,93.45,86.4,25,100,6.78,CN,2022-08-01 00:33:49
225,Itarema,-2.9248,-39.9167,78.55,83,2,13.94,BR,2022-08-01 00:33:49
226,Bathsheba,13.2167,-59.5167,83.01,90,40,19.57,BB,2022-08-01 00:33:49
227,Hailar,49.2,119.7,71.11,71,40,6.44,CN,2022-08-01 00:33:50
228,Chara,56.9064,118.2631,68.72,60,65,2.53,RU,2022-08-01 00:33:50
229,Cap-Aux-Meules,47.3821,-61.8597,68.05,83,20,9.22,CA,2022-08-01 00:34:50
230,Saint-Philippe,-21.3585,55.7679,66.22,81,44,13.56,RE,2022-08-01 00:34:51
231,Borger,52.9233,6.7931,65.03,94,56,9.26,NL,2022-08-01 00:34:51
232,Kruisfontein,-34.0033,24.7314,45.07,78,0,6.24,ZA,2022-08-01 00:34:51
233,Sochi,43.6,39.7303,73.49,82,86,3.36,RU,2022-08-01 00:34:51
234,Simpang,-1.2667,104.0833,77.41,90,100,3.76,ID,2022-08-01 00:34:52
235,Thompson,55.7435,-97.8558,55.56,100,75,2.3,CA,2022-08-01 00:34:52
236,Desterro,-7.2906,-37.0939,67.59,87,33,13.38,BR,2022-08-01 00:34:52
237,Sheridan,44.8333,-106.9173,93.58,23,0,8.05,US,2022-08-01 00:34:53
238,Oranjemund,-28.55,16.4333,53.92,49,0,10.22,NA,2022-08-01 00:33:50
239,Banda Aceh,5.5577,95.3222,81.16,76,100,9.6,ID,2022-08-01 00:34:53
240,Qaqortoq,60.7167,-46.0333,45.7,94,100,4.47,GL,2022-08-01 00:31:07
241,Belmonte,-15.8631,-38.8828,72.3,85,9,6.87,BR,2022-08-01 00:34:53
242,Mount Isa,-20.7333,139.5,74.97,27,0,4.61,AU,2022-08-01 00:34:54
243,Sisimiut,66.9395,-53.6735,44.22,84,15,1.16,GL,2022-08-01 00:31:17
244,Daru,-9.0763,143.2092,79.54,86,56,11.39,PG,2022-08-01 00:34:54
245,San Antonio,29.4241,-98.4936,100.15,31,40,11.5,US,2022-08-01 00:34:45
246,Fairbanks,64.8378,-147.7164,68.22,73,75,4.61,US,2022-08-01 00:32:40
247,Olafsvik,64.8945,-23.7142,48.54,65,100,6.44,IS,2022-08-01 00:34:54
248,Tarko-Sale,64.9225,77.785,50.94,62,0,18.92,RU,2022-08-01 00:34:55
249,College,64.8569,-147.8028,68.2,74,75,4.61,US,2022-08-01 00:34:55
250,Borogontsy,62.6683,131.1683,81.52,45,100,7.38,RU,2022-08-01 00:34:55
251,Codrington,-38.2667,141.9667,51.76,83,89,17.96,AU,2022-08-01 00:32:28
252,Zhigansk,66.7697,123.3711,70.47,65,48,3.33,RU,2022-08-01 00:34:56
253,Faanui,-16.4833,-151.75,78.64,71,15,24.58,PF,2022-08-01 00:32:40
254,Ahuimanu,21.4447,-157.8378,85.75,57,0,19.57,US,2022-08-01 00:34:56
255,Dingle,10.9995,122.6711,82.58,75,100,1.14,PH,2022-08-01 00:34:56
256,Lorengau,-2.0226,147.2712,85.41,68,99,11.79,PG,2022-08-01 00:34:57
257,Adre,13.4667,22.2,73.51,82,100,8.63,TD,2022-08-01 00:34:57
258,Beisfjord,68.3751,17.5988,58.05,91,92,1.83,NO,2022-08-01 00:34:57
259,Xinye,32.5186,112.3522,84.69,67,100,4.03,CN,2022-08-01 00:34:58
260,Mahebourg,-20.4081,57.7,69.26,83,40,9.22,MU,2022-08-01 00:34:58
261,Iqaluit,63.7506,-68.5145,47.93,82,75,10.36,CA,2022-08-01 00:30:13
262,Porto Santo,33.072,-16.3415,70.18,83,20,10.36,PT,2022-08-01 00:34:58
263,Coquimbo,-29.9533,-71.3436,55.13,94,40,6.91,CL,2022-08-01 00:33:16
264,Tura,25.5198,90.2201,73.8,99,100,5.75,IN,2022-08-01 00:34:59
265,Syasstroy,60.1367,32.5691,55.35,83,100,6.26,RU,2022-08-01 00:34:59
266,Weiser,44.251,-116.9693,108.32,14,1,1.99,US,2022-08-01 00:34:59
267,Ailigandi,9.2333,-78.0167,79.68,89,100,5.84,PA,2022-08-01 00:34:59
268,Puro,12.4841,123.3827,83.28,74,100,2.21,PH,2022-08-01 00:35:00
269,Salalah,17.0151,54.0924,77.09,88,75,8.05,OM,2022-08-01 00:31:57
270,Samarinda,-0.5,117.15,74.64,94,100,0.51,ID,2022-08-01 00:35:00
271,Kosonsoy,41.2561,71.5508,68.56,44,18,5.91,UZ,2022-08-01 00:35:00
272,Sur,22.5667,59.5289,85.14,68,96,8.3,OM,2022-08-01 00:35:01
273,Mondovi,44.396,7.8176,75.51,72,0,3.31,IT,2022-08-01 00:35:01
274,Sinnamary,5.3833,-52.95,78.31,86,100,6.49,GF,2022-08-01 00:35:01
275,Vardo,70.3705,31.1107,49.98,100,100,2.3,NO,2022-08-01 00:35:02
276,Narrabri,-30.3167,149.7833,53.69,87,100,12.66,AU,2022-08-01 00:35:02
277,Beringovskiy,63.05,179.3167,50.22,62,100,4.88,RU,2022-08-01 00:36:02
278,San Quintin,30.4833,-115.95,74.14,65,7,10.16,MX,2022-08-01 00:36:03
279,Natitingou,10.3042,1.3796,70.77,95,98,4.03,BJ,2022-08-01 00:36:03
280,Vuktyl,63.8567,57.3094,62.2,49,100,11.07,RU,2022-08-01 00:36:03
281,Dieppe,49.75,1.1667,66.38,91,24,5.93,FR,2022-08-01 00:36:04
282,Tiszaeszlar,48.05,21.4667,62.26,85,100,4.12,HU,2022-08-01 00:36:04
283,Hounde,11.5,-3.5167,73.74,89,100,4.7,BF,2022-08-01 00:36:04
284,Plastun,44.7561,136.2939,66.38,96,100,5.14,RU,2022-08-01 00:36:04
285,Flin Flon,54.7682,-101.865,64.06,67,97,4.38,CA,2022-08-01 00:36:05
286,Hurricane,37.1753,-113.2899,88.14,61,100,5.79,US,2022-08-01 00:31:25
287,Ponta Do Sol,32.6667,-17.1,72.01,76,3,3.0,PT,2022-08-01 00:31:58
288,Honningsvag,70.9821,25.9704,56.95,82,100,4.61,NO,2022-08-01 00:36:05
289,Dombarovskiy,50.7587,59.5386,65.64,67,98,5.14,RU,2022-08-01 00:36:05
290,Awbari,26.5921,12.7805,82.15,18,0,10.67,LY,2022-08-01 00:36:06
291,Klyuchi,52.2667,79.1667,65.23,80,93,4.99,RU,2022-08-01 00:36:06
292,Marawi,7.9986,124.2928,78.44,65,100,0.72,PH,2022-08-01 00:36:06
293,Birao,10.2849,22.7882,70.97,94,100,4.72,CF,2022-08-01 00:36:07
294,Namibe,-15.1961,12.1522,56.93,80,4,10.58,AO,2022-08-01 00:36:07
295,Fomboni,-12.28,43.7425,75.56,72,0,5.3,KM,2022-08-01 00:36:07
296,Davila,18.4726,120.5763,84.18,76,100,10.2,PH,2022-08-01 00:36:08
297,Hilton Head Island,32.2163,-80.7526,87.91,80,0,12.66,US,2022-08-01 00:34:11
298,Srebrenica,44.1064,19.2969,60.1,65,2,3.27,BA,2022-08-01 00:36:08
299,Caucaia,-3.7361,-38.6531,80.55,79,75,13.8,BR,2022-08-01 00:36:08
300,Guerrero Negro,27.9769,-114.0611,79.03,55,18,14.03,MX,2022-08-01 00:33:42
301,Languyan,5.2618,120.0807,80.28,85,100,2.73,PH,2022-08-01 00:36:09
302,Saint-Francois,46.4154,3.9054,61.68,82,0,3.44,FR,2022-08-01 00:35:16
303,Resistencia,-27.4606,-58.9839,62.1,69,0,6.91,AR,2022-08-01 00:36:09
304,Yulara,-25.2406,130.9889,59.97,31,57,13.73,AU,2022-08-01 00:36:10
305,Severo-Kurilsk,50.6789,156.125,54.7,81,73,10.47,RU,2022-08-01 00:32:22
306,San Lawrenz,36.0553,14.204,78.85,87,0,4.25,MT,2022-08-01 00:36:10
307,Dali,25.7,100.1833,62.64,96,100,1.57,CN,2022-08-01 00:32:07
308,Mattawa,46.7379,-119.9028,96.8,7,95,7.83,US,2022-08-01 00:36:11
309,Eskisehir,39.7767,30.5206,64.31,88,0,11.5,TR,2022-08-01 00:32:21
310,Atikokan,48.7555,-91.6216,63.41,99,100,4.25,CA,2022-08-01 00:36:11
311,Camacupa,-12.0167,17.4833,58.89,35,0,2.66,AO,2022-08-01 00:36:11
312,Bulgan,48.8125,103.5347,68.54,57,29,3.53,MN,2022-08-01 00:36:12
313,Nanortalik,60.1432,-45.2371,46.54,92,71,6.53,GL,2022-08-01 00:36:12
314,Walvis Bay,-22.9575,14.5053,55.09,76,14,6.91,NA,2022-08-01 00:33:39
315,Abu Kamal,34.4506,40.9171,89.42,21,0,8.93,SY,2022-08-01 00:36:13
316,Broome,42.2506,-75.833,73.54,82,95,3.04,US,2022-08-01 00:36:13
317,Severnoye,56.3491,78.3619,56.7,90,100,11.81,RU,2022-08-01 00:36:13
318,Rock Sound,24.9,-76.2,83.03,79,35,18.7,BS,2022-08-01 00:36:13
319,Jawhar,2.7809,45.5005,72.61,87,95,9.69,SO,2022-08-01 00:36:14
320,Port Elizabeth,-33.918,25.5701,47.32,86,0,5.75,ZA,2022-08-01 00:36:14
321,Port Lincoln,-34.7333,135.8667,58.69,64,2,15.55,AU,2022-08-01 00:36:14
322,Yuxia,34.0615,108.6291,81.21,66,0,2.98,CN,2022-08-01 00:36:15
323,Sena Madureira,-9.0656,-68.6569,78.71,59,65,3.13,BR,2022-08-01 00:36:15
324,Maceio,-9.6658,-35.7353,74.64,88,0,5.75,BR,2022-08-01 00:37:15
325,Orlik,52.5178,99.825,64.04,61,51,1.7,RU,2022-08-01 00:37:16
326,Port Hardy,50.6996,-127.4199,69.98,73,75,11.5,CA,2022-08-01 00:35:18
327,Arman,59.7,150.1667,59.02,90,100,7.14,RU,2022-08-01 00:37:16
328,Jijiga,9.35,42.8,60.67,87,100,18.92,ET,2022-08-01 00:37:17
329,Sar-E Pul,35.8333,66.1667,61.32,50,0,4.59,AF,2022-08-01 00:37:17
330,Hasaki,35.7333,140.8333,91.29,69,100,4.63,JP,2022-08-01 00:37:17
331,Puerto Madryn,-42.7692,-65.0385,48.29,76,100,10.76,AR,2022-08-01 00:37:17
332,Villa Rica,33.7321,-84.9191,85.39,89,39,2.98,US,2022-08-01 00:37:18
333,Portland,45.5234,-122.6762,101.35,33,40,9.22,US,2022-08-01 00:35:02
334,Menongue,-14.6585,17.691,53.47,40,4,4.18,AO,2022-08-01 00:37:18
335,Palmer,42.1584,-72.3287,77.86,74,75,0.0,US,2022-08-01 00:34:11
336,Nikolskoye,59.7035,30.7861,58.8,84,100,4.32,RU,2022-08-01 00:37:18
337,Pevek,69.7008,170.3133,50.77,59,0,11.43,RU,2022-08-01 00:37:19
338,Vila Franca Do Campo,37.7167,-25.4333,70.21,85,9,4.65,PT,2022-08-01 00:36:17
339,Kudahuvadhoo,2.6708,72.8944,81.09,72,100,22.41,MV,2022-08-01 00:37:19
340,Hofn,64.2539,-15.2082,50.94,61,76,14.67,IS,2022-08-01 00:32:34
341,Kysyl-Syr,63.8986,122.7617,65.66,96,100,5.44,RU,2022-08-01 00:37:20
342,Hovd,48.0056,91.6419,68.07,51,96,1.41,MN,2022-08-01 00:37:20
343,Emilio Carranza,19.9711,-96.6114,79.59,76,100,2.91,MX,2022-08-01 00:37:20
344,Torbay,47.6666,-52.7314,68.77,77,20,17.27,CA,2022-08-01 00:35:31
345,Manta,-0.95,-80.7333,71.38,83,75,12.66,EC,2022-08-01 00:37:21
346,Mar Del Plata,-38.0023,-57.5575,55.09,87,0,7.0,AR,2022-08-01 00:37:21
347,Riyadh,24.6877,46.7219,87.94,74,100,13.65,SA,2022-08-01 00:37:21
348,Gat,31.61,34.7642,75.88,74,0,2.42,IL,2022-08-01 00:37:21
349,Ketchikan,55.3422,-131.6461,64.87,88,100,5.75,US,2022-08-01 00:37:22
350,Northam,51.0333,-4.2167,59.25,96,66,2.66,GB,2022-08-01 00:37:22
351,Huarmey,-10.0681,-78.1522,62.65,84,10,9.86,PE,2022-08-01 00:37:22
352,Richards Bay,-28.783,32.0377,60.35,75,100,9.55,ZA,2022-08-01 00:37:23
353,Nome,64.5011,-165.4064,58.15,77,100,10.36,US,2022-08-01 00:35:15
354,Port Macquarie,-31.4333,152.9167,63.7,59,100,8.14,AU,2022-08-01 00:37:23
355,Ossora,59.2353,163.0719,57.81,76,44,10.92,RU,2022-08-01 00:37:24
356,Corinto,37.9407,22.9573,77.9,54,0,1.79,GR,2022-08-01 00:37:24
357,Saint-Joseph,-21.3667,55.6167,65.21,79,26,9.46,RE,2022-08-01 00:37:24
358,Joao Pinheiro,-17.7425,-46.1725,71.42,32,0,3.29,BR,2022-08-01 00:36:43
359,Alyangula,-13.8483,136.4192,78.21,65,47,5.28,AU,2022-08-01 00:36:26
360,Souillac,-20.5167,57.5167,68.38,83,40,9.22,MU,2022-08-01 00:37:25
361,Fort Nelson,58.8053,-122.7002,69.39,68,75,6.91,CA,2022-08-01 00:32:54
362,Miles City,46.4083,-105.8406,90.57,23,0,5.75,US,2022-08-01 00:37:26
363,Bonavista,48.6499,-53.1147,63.23,80,88,5.79,CA,2022-08-01 00:37:26
364,Hambantota,6.1241,81.1185,75.54,100,75,6.91,LK,2022-08-01 00:37:26
365,Itoman,26.1247,127.6694,80.4,94,75,17.27,JP,2022-08-01 00:37:27
366,Sao Joao Da Barra,-21.6403,-41.0511,67.3,72,0,6.06,BR,2022-08-01 00:37:27
367,Chateauroux,46.8167,1.7,66.2,68,0,5.75,FR,2022-08-01 00:37:27
368,Zdunska Wola,51.5992,18.9397,55.33,98,14,4.74,PL,2022-08-01 00:37:28
369,Enshi,30.3,109.4833,81.61,73,40,0.6,CN,2022-08-01 00:38:28
370,Dzaoudzi,-12.7887,45.2699,69.69,94,0,0.0,YT,2022-08-01 00:38:29
371,Liancheng,24.0519,105.075,70.52,88,100,1.01,CN,2022-08-01 00:38:29
372,Jamsa,61.8642,25.19,57.92,86,64,3.27,FI,2022-08-01 00:38:30
373,Tilichiki,60.4667,166.1,56.53,63,19,7.2,RU,2022-08-01 00:38:30
374,Pasighat,28.0667,95.3333,76.1,98,100,2.37,IN,2022-08-01 00:38:30
375,San Juan,-31.5375,-68.5364,58.51,31,10,6.11,AR,2022-08-01 00:37:00
376,San Jose,37.3394,-121.895,84.92,59,40,11.5,US,2022-08-01 00:38:20
377,Abrau-Dyurso,44.69,37.59,76.46,86,0,11.86,RU,2022-08-01 00:38:31
378,Hargeysa,9.56,44.065,68.92,61,100,31.23,SO,2022-08-01 00:38:31
379,Nuevo Progreso,23.1667,-97.95,85.53,70,3,8.55,MX,2022-08-01 00:38:32
380,Gillette,44.2911,-105.5022,88.72,24,0,6.91,US,2022-08-01 00:38:32
381,Ahipara,-35.1667,173.1667,58.39,56,13,7.58,NZ,2022-08-01 00:38:32
382,Caravelas,-17.7125,-39.2481,69.84,90,81,7.72,BR,2022-08-01 00:38:33
383,Whitehaven,54.549,-3.5841,54.66,91,41,3.44,GB,2022-08-01 00:38:33
384,Cascais,38.6979,-9.4215,78.15,58,0,8.01,PT,2022-08-01 00:38:33
385,Sorland,67.667,12.6934,53.46,85,100,10.49,NO,2022-08-01 00:38:34
386,Manali,13.1667,80.2667,83.07,86,100,9.04,IN,2022-08-01 00:38:34
387,Tual,-5.6667,132.75,79.32,84,100,17.65,ID,2022-08-01 00:38:35
388,Vallenar,-28.5708,-70.7581,62.76,57,100,2.44,CL,2022-08-01 00:38:36
389,Magistralnyy,56.1725,107.4458,63.59,94,100,3.71,RU,2022-08-01 00:38:36
390,Gerash,27.6652,54.1371,77.14,67,100,2.93,IR,2022-08-01 00:38:37
391,Saint-Augustin,51.226,-58.6502,66.54,65,74,9.24,CA,2022-08-01 00:38:37
392,Klaksvik,62.2266,-6.589,50.58,83,86,13.78,FO,2022-08-01 00:38:38
393,Verkhoyansk,67.5447,133.385,79.86,46,99,14.27,RU,2022-08-01 00:38:38
394,Mandiana,10.6333,-8.6833,72.77,94,100,4.29,GN,2022-08-01 00:38:39
395,Kangaatsiaq,68.3065,-53.4641,41.92,91,6,5.66,GL,2022-08-01 00:38:39
396,Akyab,20.15,92.9,83.52,78,100,1.45,MM,2022-08-01 00:38:39
397,Kopavogur,64.1123,-21.913,49.71,76,40,9.22,IS,2022-08-01 00:38:40
398,Havre-Saint-Pierre,50.2334,-63.5986,59.36,94,40,10.36,CA,2022-08-01 00:35:32
399,Alofi,-19.0595,-169.9187,80.49,69,3,14.97,NU,2022-08-01 00:35:18
400,Matara,5.9485,80.5353,76.77,92,72,10.2,LK,2022-08-01 00:38:41
401,Ingham,42.6,-84.3833,80.55,61,0,0.0,US,2022-08-01 00:38:41
402,Alindao,5.0267,21.2088,69.87,89,100,1.66,CF,2022-08-01 00:38:42
403,Zavetnoye,47.1194,43.8903,77.74,53,0,6.87,RU,2022-08-01 00:38:42
404,Ust-Nera,64.5667,143.2,76.28,51,93,7.45,RU,2022-08-01 00:38:42
405,La Ronge,55.1001,-105.2842,71.82,49,40,9.22,CA,2022-08-01 00:38:43
406,Saint Pete Beach,27.7253,-82.7412,90.09,64,40,10.36,US,2022-08-01 00:38:43
407,Moussoro,13.6408,16.4901,78.69,67,100,6.22,TD,2022-08-01 00:38:43
408,Puertollano,38.6871,-4.1073,82.15,27,0,3.38,ES,2022-08-01 00:38:44
409,Zhangzhou,24.5133,117.6556,87.73,67,4,2.24,CN,2022-08-01 00:38:44
410,Barao De Melgaco,-16.1944,-55.9675,75.51,28,0,3.29,BR,2022-08-01 00:38:45
411,Norden,53.6,7.2,63.14,86,100,17.78,DE,2022-08-01 00:38:45
412,Bundaberg,-24.85,152.35,68.22,78,100,3.0,AU,2022-08-01 00:38:45
413,Oktyabrskiy,54.4815,53.471,59.41,82,77,2.53,RU,2022-08-01 00:38:46
414,Correntina,-13.3433,-44.6367,71.94,29,4,3.29,BR,2022-08-01 00:39:46
415,Quincy,42.2529,-71.0023,82.0,58,0,6.91,US,2022-08-01 00:37:22
416,Madisonville,37.3281,-87.4989,78.66,97,25,5.82,US,2022-08-01 00:39:47
417,Eureka,40.8021,-124.1637,79.66,78,90,4.0,US,2022-08-01 00:38:13
418,Puck,54.7179,18.4084,55.08,96,36,2.13,PL,2022-08-01 00:39:47
419,Sola,-13.8833,167.55,86.67,79,75,3.44,VU,2022-08-01 00:37:43
420,Arlit,18.7369,7.3853,93.29,31,10,17.13,NE,2022-08-01 00:39:48
421,Lagos,6.5833,3.75,74.75,86,100,9.69,NG,2022-08-01 00:39:28
422,Saldanha,-33.0117,17.9442,41.05,79,0,13.35,ZA,2022-08-01 00:39:48
423,Alihe,50.5667,123.7167,76.24,63,71,2.75,CN,2022-08-01 00:39:49
424,Bubaque,11.2833,-15.8333,79.21,78,100,15.9,GW,2022-08-01 00:39:49
425,Port Hawkesbury,45.6169,-61.3485,70.59,81,0,2.3,CA,2022-08-01 00:39:50
426,Padang,-0.9492,100.3543,80.02,82,100,3.02,ID,2022-08-01 00:35:33
427,Penzance,50.1186,-5.5371,63.28,87,75,8.3,GB,2022-08-01 00:35:20
428,Guane,22.2025,-84.0875,79.18,72,1,5.41,CU,2022-08-01 00:39:50
429,Bujak,47.8835,19.5438,57.51,84,0,2.95,HU,2022-08-01 00:39:51
430,Paita,-5.0892,-81.1144,62.85,85,6,14.88,PE,2022-08-01 00:39:51
431,Hobyo,5.3505,48.5268,75.13,84,0,22.01,SO,2022-08-01 00:39:51
432,Veraval,20.9,70.3667,81.32,80,92,14.32,IN,2022-08-01 00:39:52
433,Chadiza,-14.0678,32.4392,56.28,56,0,3.38,ZM,2022-08-01 00:39:52
434,Le Vauclin,14.5452,-60.8388,82.45,78,75,12.66,MQ,2022-08-01 00:35:49
435,Santa Rosa,14.3122,121.1114,84.11,86,100,0.67,PH,2022-08-01 00:39:53
436,Vostok,46.4856,135.8833,77.16,66,100,3.76,RU,2022-08-01 00:39:53
437,Bocana De Paiwas,12.7857,-85.1227,73.53,95,99,8.97,NI,2022-08-01 00:39:53
438,Camacha,33.0833,-16.3333,67.42,83,20,10.36,PT,2022-08-01 00:39:54
439,Gambela,8.25,34.5833,69.28,94,100,1.5,ET,2022-08-01 00:39:54
440,Aykhal,66.0,111.5,54.36,93,100,14.29,RU,2022-08-01 00:39:54
441,Karabudakhkent,42.7087,47.5673,65.66,73,5,8.95,RU,2022-08-01 00:39:55
442,Viedma,-40.8135,-62.9967,45.23,70,100,6.85,AR,2022-08-01 00:39:55
443,Mbandaka,0.0487,18.2603,71.02,75,100,0.54,CD,2022-08-01 00:39:55
444,Pavelets,53.7883,39.246,56.46,67,100,5.39,RU,2022-08-01 00:39:56
445,Kavaratti,10.5669,72.642,78.71,83,100,23.98,IN,2022-08-01 00:39:56
446,Ulagan,50.6321,87.9563,60.78,64,79,0.25,RU,2022-08-01 00:39:57
447,Miranda,3.2499,-76.2281,73.53,94,100,2.08,CO,2022-08-01 00:39:58
448,Pyaozerskiy,65.8333,31.1667,51.87,94,96,4.34,RU,2022-08-01 00:39:58
449,Deyang,31.1302,104.382,77.99,85,95,5.41,CN,2022-08-01 00:39:58
450,Pacific Grove,36.6177,-121.9166,75.02,77,0,11.5,US,2022-08-01 00:39:59
451,Rodrigues Alves,-7.738,-72.6509,79.16,67,99,2.15,BR,2022-08-01 00:39:59
452,Vestmannaeyjar,63.4427,-20.2734,49.23,75,66,18.34,IS,2022-08-01 00:39:59
453,Lompoc,34.6391,-120.4579,77.85,71,0,14.97,US,2022-08-01 00:40:00
454,Thunder Bay,48.4001,-89.3168,67.98,88,100,4.61,CA,2022-08-01 00:40:00
455,Erzin,36.9559,36.2,73.44,88,6,1.07,TR,2022-08-01 00:40:01
456,Igarka,67.4667,86.5833,48.99,63,0,21.23,RU,2022-08-01 00:40:01
457,Inirida,3.8653,-67.9239,73.87,98,100,2.84,CO,2022-08-01 00:40:02
458,Islamkot,24.6997,70.177,81.46,80,96,17.9,PK,2022-08-01 00:41:02
459,Arequipa,-16.3989,-71.535,57.27,30,0,0.0,PE,2022-08-01 00:41:03
460,Rajpipla,21.8667,73.5,77.58,90,79,5.73,IN,2022-08-01 00:41:03
461,Poronaysk,49.2167,143.1167,60.26,73,8,10.92,RU,2022-08-01 00:41:03
462,Olyka,50.7186,25.8125,62.92,98,100,4.25,UA,2022-08-01 00:41:04
463,Southbridge,42.0751,-72.0334,77.07,77,100,3.0,US,2022-08-01 00:38:56
464,Puerto Colombia,10.9878,-74.9547,84.29,84,98,23.58,CO,2022-08-01 00:41:04
465,Broken Hill,-31.95,141.4333,53.71,48,0,6.6,AU,2022-08-01 00:41:05
466,Zlobin,45.2924,14.6541,67.15,54,5,4.7,HR,2022-08-01 00:41:05
467,Anito,12.4497,125.2886,84.7,73,100,6.85,PH,2022-08-01 00:41:05
468,Ambovombe,-25.1667,46.0833,65.5,91,10,5.75,MG,2022-08-01 00:41:06
469,Chifeng,42.2683,118.9636,83.35,51,0,3.87,CN,2022-08-01 00:39:18
470,Laa,8.0797,-10.7732,70.84,97,100,1.3,SL,2022-08-01 00:41:06
471,Hay River,60.8156,-115.7999,64.36,51,20,9.22,CA,2022-08-01 00:41:07
472,Berkovica,44.6156,18.4294,53.91,63,5,4.23,BA,2022-08-01 00:41:07
473,Thinadhoo,0.5333,72.9333,81.46,72,100,15.26,MV,2022-08-01 00:41:07
474,Visby,57.6409,18.296,48.42,100,25,0.0,SE,2022-08-01 00:41:08
475,San Diego De Los Banos,22.6467,-83.3697,78.03,81,5,4.18,CU,2022-08-01 00:41:08
476,Odesskoye,54.2111,72.9651,63.57,90,17,8.01,RU,2022-08-01 00:41:08
477,Kodyma,48.0988,29.1246,64.62,81,100,4.97,UA,2022-08-01 00:41:09
478,Magaria,12.9983,8.9099,78.98,60,10,7.31,NE,2022-08-01 00:41:09
479,Kiryas Joel,41.342,-74.1679,79.14,61,100,2.68,US,2022-08-01 00:41:10
480,Labuhan,-6.8844,112.2051,79.09,76,43,5.66,ID,2022-08-01 00:39:19
481,Yarada,17.65,83.2667,79.12,94,40,2.3,IN,2022-08-01 00:41:10
482,Tukrah,32.5341,20.5791,77.83,80,0,4.54,LY,2022-08-01 00:41:10
483,Saiha,22.4833,92.9667,74.25,91,100,0.81,IN,2022-08-01 00:41:11
484,Kondinskoye,59.6481,67.41,54.9,71,100,10.16,RU,2022-08-01 00:41:11
485,Myanaung,18.2833,95.3167,81.7,78,100,5.73,MM,2022-08-01 00:41:11
486,Poum,-20.2333,164.0167,73.26,72,96,12.06,NC,2022-08-01 00:41:12
487,Chernyshevskiy,63.0128,112.4714,72.34,62,20,4.63,RU,2022-08-01 00:41:12
488,Sao Sebastiao,-23.76,-45.4097,62.13,86,8,5.79,BR,2022-08-01 00:36:28
489,Vikhorevka,56.1201,101.1636,65.25,92,100,4.83,RU,2022-08-01 00:41:13
490,Santa Maria,-29.6842,-53.8069,49.3,100,1,2.3,BR,2022-08-01 00:36:37
491,Silale,55.4906,22.1814,58.73,99,100,6.04,LT,2022-08-01 00:41:13
492,Salinas,36.6777,-121.6555,85.01,65,0,12.66,US,2022-08-01 00:41:13
493,Horodnytsya,50.807,27.3168,60.4,88,100,1.25,UA,2022-08-01 00:41:14
494,Namwala,-15.7504,26.4384,56.79,38,0,4.88,ZM,2022-08-01 00:41:14
495,Kondoa,-4.9,35.7833,57.45,93,14,4.56,TZ,2022-08-01 00:41:14
496,Comodoro Rivadavia,-45.8667,-67.5,40.86,48,0,4.61,AR,2022-08-01 00:41:15
497,Eyl,7.9803,49.8164,76.1,73,5,22.32,SO,2022-08-01 00:41:15
498,Itaqui,-29.1253,-56.5531,55.54,79,0,7.09,BR,2022-08-01 00:41:15
499,Kinablangan,7.6947,126.5503,81.72,69,100,1.45,PH,2022-08-01 00:41:16
500,Fairview,40.8126,-73.999,80.24,73,40,11.5,US,2022-08-01 00:41:16
501,Carndonagh,55.25,-7.2667,46.29,91,9,3.2,IE,2022-08-01 00:42:16
502,Misratah,32.3754,15.0925,81.63,75,0,10.49,LY,2022-08-01 00:42:17
503,Moree,-29.4667,149.85,53.62,94,75,5.75,AU,2022-08-01 00:42:17
504,Kapit,2.0167,112.9333,77.68,88,100,1.48,MY,2022-08-01 00:42:17
505,Hearst,49.6835,-83.6665,66.45,93,100,4.29,CA,2022-08-01 00:42:18
506,Biu,10.6129,12.1946,68.94,90,100,6.53,NG,2022-08-01 00:42:18
507,Ust-Kuyga,70.0167,135.6,72.68,61,100,7.63,RU,2022-08-01 00:42:18
508,Bakchar,57.0186,82.0711,52.95,97,100,9.78,RU,2022-08-01 00:42:19
509,Ribeira Brava,32.65,-17.0667,72.01,79,2,3.15,PT,2022-08-01 00:42:19
510,Puerto Del Rosario,28.5004,-13.8627,73.15,83,100,12.66,ES,2022-08-01 00:42:19
511,Lloret De Mar,41.6999,2.8457,81.9,77,95,4.97,ES,2022-08-01 00:42:20
512,Morro Bay,35.3658,-120.8499,88.68,74,57,5.99,US,2022-08-01 00:42:20
513,Vila Velha,-20.3297,-40.2925,71.55,84,75,3.44,BR,2022-08-01 00:38:37
514,Asmar,35.0333,71.3581,73.67,83,0,1.23,AF,2022-08-01 00:42:20
515,Weinan,34.5036,109.5089,82.04,65,0,5.23,CN,2022-08-01 00:42:21
516,Husavik,66.0449,-17.3389,41.88,93,100,9.71,IS,2022-08-01 00:42:21
517,Muros,42.7762,-9.0603,65.68,78,1,10.8,ES,2022-08-01 00:42:21
518,Ust-Ilimsk,58.0006,102.6619,67.91,80,6,4.88,RU,2022-08-01 00:42:22
519,Okhotsk,59.3833,143.3,59.0,86,100,8.1,RU,2022-08-01 00:42:22
520,Redcliffe,-27.2307,153.0973,62.49,88,75,6.91,AU,2022-08-01 00:37:52
521,Coahuayana,18.7333,-103.6833,83.73,74,55,4.0,MX,2022-08-01 00:42:23
522,Evensk,61.95,159.2333,56.68,73,100,9.17,RU,2022-08-01 00:42:23
523,Strezhevoy,60.7333,77.5889,52.3,71,0,10.09,RU,2022-08-01 00:42:23
524,Kefamenanu,-9.4467,124.4781,76.78,74,96,4.32,ID,2022-08-01 00:42:23
525,Amapa,1.0,-52.0,71.42,98,100,2.57,BR,2022-08-01 00:42:24
526,Gisborne,-38.6533,178.0042,56.21,35,0,0.69,NZ,2022-08-01 00:42:24
527,Biak,-0.9131,122.8766,77.99,84,100,3.47,ID,2022-08-01 00:42:24
528,Pauini,-7.7136,-66.9764,80.56,61,100,1.5,BR,2022-08-01 00:42:25
529,Buala,-8.145,159.5921,85.06,70,21,12.15,SB,2022-08-01 00:42:25
530,Rosa Zarate,0.3333,-79.4667,72.18,94,46,3.76,EC,2022-08-01 00:42:25
531,Outram,1.2829,103.8379,80.62,90,75,2.3,MY,2022-08-01 00:42:26
532,Ler,8.3018,30.1418,71.28,92,100,3.85,SS,2022-08-01 00:42:26
533,Porto Novo,6.4965,2.6036,75.02,81,100,12.46,BJ,2022-08-01 00:42:12
534,Beya,53.0533,90.9139,69.71,58,100,3.31,RU,2022-08-01 00:42:27
535,Sheopur,25.6667,76.7,81.14,76,100,7.54,IN,2022-08-01 00:42:27
536,Natal,-5.795,-35.2094,79.02,89,75,6.91,BR,2022-08-01 00:42:27
537,Banepa,27.6298,85.5214,68.32,94,75,0.0,NP,2022-08-01 00:42:28
538,Mezen,65.8522,44.24,57.54,99,100,3.42,RU,2022-08-01 00:42:28
539,Seoul,37.5683,126.9778,81.97,86,75,9.22,KR,2022-08-01 00:39:29
540,Karasuk,53.7377,78.0403,64.72,88,80,8.97,RU,2022-08-01 00:42:28
541,Viesca,25.35,-102.8,90.36,22,52,17.67,MX,2022-08-01 00:42:29
542,Santa Isabel Do Rio Negro,-0.4139,-65.0192,74.48,88,18,2.51,BR,2022-08-01 00:42:29
543,Waslala,13.2333,-85.3833,71.67,97,84,3.22,NI,2022-08-01 00:42:29
544,Jibuti,11.5,42.5,83.53,46,81,17.09,DJ,2022-08-01 00:42:30
545,Paka,4.6374,103.4368,75.13,100,20,0.0,MY,2022-08-01 00:42:30
546,Hokitika,-42.7167,170.9667,47.93,71,100,1.45,NZ,2022-08-01 00:42:30
547,Sorong,-0.8833,131.25,81.27,76,40,1.86,ID,2022-08-01 00:43:31
548,Samandag,36.0842,35.9771,81.12,87,10,6.44,TR,2022-08-01 00:43:31
549,Ambon,-3.6954,128.1814,82.54,78,40,6.91,ID,2022-08-01 00:43:32
550,Byron Bay,-28.65,153.6167,63.95,82,100,9.37,AU,2022-08-01 00:43:32
551,Mont-De-Marsan,44.0,-0.6667,66.02,82,0,5.75,FR,2022-08-01 00:43:32
552,Opuwo,-18.0607,13.84,49.08,57,15,6.76,NA,2022-08-01 00:43:33
553,Muborak,39.2553,65.1528,77.95,30,100,7.92,UZ,2022-08-01 00:43:33
554,Tucuman,-26.8241,-65.2226,53.6,76,6,6.91,AR,2022-08-01 00:43:33
555,Neulengbach,48.1974,15.9022,71.31,78,100,5.99,AT,2022-08-01 00:43:34
556,Wangou,42.0623,126.9127,79.14,70,100,1.74,CN,2022-08-01 00:43:34
557,Svetlogorsk,52.6333,29.7333,58.82,82,77,7.0,BY,2022-08-01 00:43:34
558,Sangar,63.9242,127.4739,68.83,80,100,12.77,RU,2022-08-01 00:43:35
559,Verkhnyaya Inta,65.9811,60.3094,56.95,65,22,7.85,RU,2022-08-01 00:43:35
560,Asyut,27.181,31.1837,84.38,41,17,8.77,EG,2022-08-01 00:43:35
561,Hit,33.6416,42.8251,92.59,16,6,9.46,IQ,2022-08-01 00:43:35
562,Khani,41.9563,42.9566,60.37,78,20,4.61,GE,2022-08-01 00:43:36
563,Primorsk,46.7348,36.3443,72.91,75,99,3.04,UA,2022-08-01 00:43:36
564,Sierpc,52.8568,19.6691,51.94,94,73,6.93,PL,2022-08-01 00:43:36
565,Linxia,35.6003,103.2064,68.56,74,100,1.16,CN,2022-08-01 00:43:37
566,Sukhobezvodnoye,57.0491,44.8891,58.44,74,100,4.09,RU,2022-08-01 00:43:37
567,Powassan,46.0334,-79.3496,70.66,79,5,5.55,CA,2022-08-01 00:43:37
568,Bereda,43.2686,-7.5406,65.14,100,64,6.76,ES,2022-08-01 00:43:38
569,Launceston,-41.45,147.1667,53.62,74,40,13.8,AU,2022-08-01 00:43:38
570,Esparta,15.7437,-87.1766,80.74,91,100,14.18,HN,2022-08-01 00:43:39
571,Stornoway,58.2093,-6.3865,51.93,87,16,4.61,GB,2022-08-01 00:43:39
572,Belfast,54.5833,-5.9333,53.42,76,20,3.44,GB,2022-08-01 00:43:39
573,Soure,-0.7167,-48.5233,78.67,85,100,9.66,BR,2022-08-01 00:40:11
574,Barcelos,41.5388,-8.6151,77.85,59,0,3.24,PT,2022-08-01 00:43:40
575,Sabang,5.8933,95.3214,82.31,74,98,15.3,ID,2022-08-01 00:43:40
576,Zhanaozen,43.3,52.8,79.23,33,0,8.48,KZ,2022-08-01 00:43:40
577,Jining,35.405,116.5814,84.49,73,56,1.57,CN,2022-08-01 00:43:41
578,Bandarbeyla,9.4942,50.8122,76.01,77,5,27.63,SO,2022-08-01 00:43:41
579,Flinders,-34.5833,150.8552,64.38,66,2,5.99,AU,2022-08-01 00:43:37
580,Brae,60.3964,-1.353,51.3,83,86,9.98,GB,2022-08-01 00:43:41
581,Tessalit,20.1986,1.0114,91.76,20,60,2.75,ML,2022-08-01 00:43:42
582,Nenjiang,49.1833,125.2167,75.45,80,100,0.43,CN,2022-08-01 00:43:42
583,Chengde,40.9725,117.9361,83.52,63,0,3.65,CN,2022-08-01 00:43:42
584,Maracacume,-2.0428,-45.9592,73.31,97,100,2.42,BR,2022-08-01 00:43:43
585,Antalaha,-14.9003,50.2788,66.25,91,46,5.5,MG,2022-08-01 00:43:43
586,Lincoln,40.8,-96.667,91.31,63,0,13.8,US,2022-08-01 00:43:43
587,Umba,66.6871,34.3429,49.32,98,22,4.85,RU,2022-08-01 00:43:44
588,Srednekolymsk,67.45,153.6833,76.28,34,100,12.41,RU,2022-08-01 00:43:44
589,Castro Alves,-12.7656,-39.4283,67.98,97,9,7.29,BR,2022-08-01 00:43:44
590,Dongfeng,42.6403,125.5118,79.45,80,100,1.68,CN,2022-08-01 00:43:45
591,Karratha,-20.7377,116.8463,74.61,62,81,3.8,AU,2022-08-01 00:44:45
592,Spring Valley,36.108,-115.245,86.29,57,100,9.22,US,2022-08-01 00:44:45
593,Pingliang,35.5392,106.6861,73.17,78,100,10.02,CN,2022-08-01 00:44:46
594,Hailey,43.5196,-114.3153,93.79,25,0,9.22,US,2022-08-01 00:44:46
595,Umm Kaddadah,13.6017,26.6876,76.96,66,100,16.33,SD,2022-08-01 00:40:52
596,Atar,20.5169,-13.0499,90.55,43,0,9.93,MR,2022-08-01 00:41:38
597,Phalombe,-15.8064,35.6507,58.51,82,0,2.24,MW,2022-08-01 00:44:46
598,Oni,42.5794,43.4425,64.22,85,0,5.99,GE,2022-08-01 00:44:47
599,Kardla,58.9978,22.7492,59.04,77,1,7.76,EE,2022-08-01 00:44:47
600,Ayagoz,47.9714,80.4392,66.7,57,25,6.33,KZ,2022-08-01 00:44:47
601,Hukuntsi,-24.0,21.75,57.42,25,72,13.73,BW,2022-08-01 00:44:48
602,Touros,-5.1989,-35.4608,76.51,84,91,12.97,BR,2022-08-01 00:44:48
603,Rupert,42.6191,-113.6772,96.75,15,0,6.91,US,2022-08-01 00:44:48
604,Zhireken,52.8249,117.3076,68.68,61,86,4.38,RU,2022-08-01 00:44:48
605,Molina,-35.1167,-71.2833,53.33,76,10,3.44,CL,2022-08-01 00:44:49
606,Wadowice,49.8834,19.4929,61.36,100,67,1.01,PL,2022-08-01 00:44:49
607,Kirundo,-2.5833,30.1667,60.67,92,92,1.61,BI,2022-08-01 00:44:50
608,Georgiyevka,43.0369,74.7114,62.64,77,0,4.47,KZ,2022-08-01 00:44:50
609,Tenosique,17.4833,-91.4333,75.27,91,100,4.03,MX,2022-08-01 00:44:50
610,Waipawa,-41.4122,175.5153,50.23,61,0,4.92,NZ,2022-08-01 00:44:51
611,Kiri Buru,22.0833,85.35,78.46,80,100,2.91,IN,2022-08-01 00:44:51
612,Monte Alegre,-2.0078,-54.0692,76.28,87,55,1.39,BR,2022-08-01 00:44:51
613,Klaeng,12.7797,101.6483,82.94,88,98,3.24,TH,2022-08-01 00:44:52
614,Santa Fe,-31.6333,-60.7,61.02,69,0,1.99,AR,2022-08-01 00:41:45
615,Wamba,8.9333,8.6,70.11,97,100,1.43,NG,2022-08-01 00:44:52
616,Shaowu,27.3409,117.4831,88.86,62,4,0.85,CN,2022-08-01 00:44:52
617,Barbastro,42.0356,0.1269,77.54,68,0,4.32,ES,2022-08-01 00:44:53
618,Rassvet,46.8333,40.75,69.49,77,96,4.47,RU,2022-08-01 00:44:53
619,Samfya,-11.3649,29.5565,58.24,58,0,6.06,ZM,2022-08-01 00:44:53
620,Kalianget,-7.05,113.9333,81.05,72,94,7.67,ID,2022-08-01 00:44:54
621,Puerto Escondido,15.85,-97.0667,81.86,80,61,4.05,MX,2022-08-01 00:40:57
622,Am Timan,11.0297,20.2827,71.2,95,100,4.56,TD,2022-08-01 00:44:54
623,Gitarama,-2.0744,29.7567,60.26,93,85,1.77,RW,2022-08-01 00:44:54
624,Guarapari,-20.6667,-40.4975,69.89,83,4,3.38,BR,2022-08-01 00:44:55
625,Wagga Wagga,-35.1167,147.3667,48.85,87,100,8.05,AU,2022-08-01 00:44:55
626,Ocampo,21.65,-101.5,65.59,53,100,16.2,MX,2022-08-01 00:44:55
627,Whitehorse,60.7161,-135.0538,69.03,48,75,6.91,CA,2022-08-01 00:43:37
628,Manggar,-2.8833,108.2667,83.21,74,95,10.16,ID,2022-08-01 00:44:56
629,Nacogdoches,31.6002,-94.6335,96.66,35,0,10.36,US,2022-08-01 00:44:56
630,Manjeshwar,12.7194,74.8861,79.75,90,100,8.61,IN,2022-08-01 00:44:56
631,Abu Samrah,35.3029,37.1841,73.71,61,0,6.91,SY,2022-08-01 00:44:57
632,Immenstadt,47.561,10.2199,66.69,64,99,3.0,DE,2022-08-01 00:44:57
633,Gelnica,48.8558,20.9371,62.19,84,100,2.48,SK,2022-08-01 00:44:57
634,Bilma,18.6853,12.9164,88.34,41,21,6.93,NE,2022-08-01 00:44:57
635,Dana Point,33.467,-117.6981,90.91,69,24,4.0,US,2022-08-01 00:44:58
636,Saint-Gaudens,43.0833,0.6667,67.03,84,0,4.36,FR,2022-08-01 00:44:58
637,Goderich,43.7501,-81.7165,79.12,53,26,11.5,CA,2022-08-01 00:45:58
638,Lichinga,-13.3128,35.2406,57.29,82,0,6.91,MZ,2022-08-01 00:45:59
639,Janauba,-15.8025,-43.3089,73.09,59,6,11.72,BR,2022-08-01 00:45:59
640,Yatou,37.15,122.3833,79.81,92,67,11.9,CN,2022-08-01 00:45:59
641,Sicuani,-14.2694,-71.2261,51.15,32,7,4.45,PE,2022-08-01 00:46:00
642,Auki,-8.7676,160.7034,85.68,64,12,5.19,SB,2022-08-01 00:46:00
643,Douglas,41.3,-96.167,92.26,61,0,10.36,US,2022-08-01 00:46:00
644,Lamu,-2.2717,40.902,75.42,70,100,18.07,KE,2022-08-01 00:46:00
645,Anloga,5.7947,0.8973,74.7,84,99,16.06,GH,2022-08-01 00:45:12
646,Proletariy,58.4342,31.7046,57.0,73,100,4.34,RU,2022-08-01 00:46:01
647,Rundu,-17.9333,19.7667,55.72,30,3,4.9,NA,2022-08-01 00:46:01
648,Crimmitschau,50.8167,12.3833,66.31,82,100,5.55,DE,2022-08-01 00:45:47
649,Kibondo,-3.5864,30.7203,62.82,76,71,2.84,TZ,2022-08-01 00:46:02
650,Ranong,9.9658,98.6348,76.93,83,97,8.52,TH,2022-08-01 00:46:02
651,Raudeberg,61.9875,5.1352,52.47,73,40,6.29,NO,2022-08-01 00:46:02
652,Nemuro,43.3236,145.575,59.14,86,100,8.77,JP,2022-08-01 00:46:03
653,Sharkan,57.2989,53.8712,59.9,82,63,4.7,RU,2022-08-01 00:46:03
654,Mutoko,-17.397,32.2268,50.77,50,0,4.72,ZW,2022-08-01 00:46:03
655,Half Moon Bay,37.4636,-122.4286,80.53,77,40,18.41,US,2022-08-01 00:46:04
656,Naze,28.3667,129.4833,81.52,83,100,20.76,JP,2022-08-01 00:46:04
657,Katherine,-14.4667,132.2667,79.12,57,8,3.44,AU,2022-08-01 00:45:06
